nameWithOwner,url,createdAt,commitedDate,commitCountAfterFork
qwales1/re-base,https://github.com/qwales1/re-base,2016-06-06T07:05:17+09,2017-11-11T11:36:25+09,328
faruzzy/react-lite,https://github.com/faruzzy/react-lite,2016-01-20T13:29:28+09,2016-11-14T22:45:23+09,199
andyklimczak/webpack_react,https://github.com/andyklimczak/webpack_react,2016-01-09T00:50:10+09,2016-02-17T11:27:52+09,191
mehrdad-shokri/awesome-react-render-props,https://github.com/mehrdad-shokri/awesome-react-render-props,2018-01-10T17:03:44+09,2019-04-05T04:03:59+09,138
duzhanyuan/floyd,https://github.com/duzhanyuan/floyd,2017-05-17T02:23:03+09,2017-11-18T00:35:32+09,112
iThinker/GitterMobile,https://github.com/iThinker/GitterMobile,2016-04-22T06:43:04+09,2016-10-16T23:13:38+09,100
xdlrt/weekly,https://github.com/xdlrt/weekly,2019-04-23T21:19:42+09,2019-10-23T10:59:06+09,97
xdlrt/weekly,https://github.com/xdlrt/weekly,2019-04-23T21:19:42+09,2019-10-23T10:59:06+09,97
kondoSoft/que_hacer_movil,https://github.com/kondoSoft/que_hacer_movil,2017-03-23T07:28:07+09,2017-09-30T07:50:03+09,94
jriggs/react,https://github.com/jriggs/react,2016-06-08T21:32:35+09,2018-03-14T00:31:52+09,93
ntucakovic/timesheet-advanced.js,https://github.com/ntucakovic/timesheet-advanced.js,2015-07-16T23:56:14+09,2016-03-22T22:45:59+09,92
annejan/felony,https://github.com/annejan/felony,2016-07-04T22:24:51+09,2019-06-25T17:37:54+09,86
absalomedia/felony,https://github.com/absalomedia/felony,2019-11-01T12:07:51+09,2022-04-10T21:54:18+09,78
juito/3ree,https://github.com/juito/3ree,2015-10-27T14:03:59+09,2016-10-04T11:51:15+09,72
H1d3r/felony,https://github.com/H1d3r/felony,2016-07-08T00:34:04+09,2019-03-27T11:13:23+09,69
MaTriXy/NavigationTabBar,https://github.com/MaTriXy/NavigationTabBar,2016-04-05T20:12:29+09,2017-01-16T21:44:24+09,69
davegomez/webpack_react,https://github.com/davegomez/webpack_react,2015-12-30T11:46:05+09,2016-01-07T01:22:37+09,68
JinJinHrb/webpack_react,https://github.com/JinJinHrb/webpack_react,2016-05-22T10:35:10+09,2016-06-15T15:30:47+09,61
sejas/react-desde-cero,https://github.com/sejas/react-desde-cero,2018-07-13T22:56:46+09,2019-02-06T18:56:46+09,59
phyupyarko/phyupyarko.github.io,https://github.com/phyupyarko/phyupyarko.github.io,2018-06-02T01:19:29+09,2018-09-01T22:58:25+09,57
pandoraui/amazeui-touch,https://github.com/pandoraui/amazeui-touch,2015-11-30T18:39:28+09,2016-05-29T12:08:50+09,57
maniacs-satm/felony,https://github.com/maniacs-satm/felony,2016-07-05T12:55:41+09,2016-09-03T08:47:37+09,55
xshua06/amazeui-touch,https://github.com/xshua06/amazeui-touch,2016-03-15T15:19:22+09,2016-05-21T16:28:09+09,54
wesley1001/GitterMobile,https://github.com/wesley1001/GitterMobile,2016-03-20T18:10:46+09,2016-04-12T21:56:41+09,48
uniibu/TwitterFetcher,https://github.com/uniibu/TwitterFetcher,2017-05-04T18:41:07+09,2019-12-15T12:18:19+09,46
reactspain/react-from-zero,https://github.com/reactspain/react-from-zero,2018-07-05T01:14:35+09,2018-10-11T23:16:30+09,46
leandroruel/awesome-react-render-props,https://github.com/leandroruel/awesome-react-render-props,2018-05-04T22:39:30+09,2019-04-05T04:03:59+09,41
OuyeXie/relay-fullstack,https://github.com/OuyeXie/relay-fullstack,2017-08-31T05:06:22+09,2017-10-12T10:43:31+09,38
pixelunion/Twitter-Post-Fetcher,https://github.com/pixelunion/Twitter-Post-Fetcher,2017-03-02T06:38:03+09,2019-11-30T07:19:20+09,37
anthonybrown/react-2,https://github.com/anthonybrown/react-2,2016-06-12T06:51:01+09,2016-10-17T16:03:29+09,37
andre-motta/react-from-zero,https://github.com/andre-motta/react-from-zero,2018-07-03T21:04:23+09,2018-08-04T19:21:52+09,34
xorRisont/Wallboard,https://github.com/xorRisont/Wallboard,2017-11-26T23:34:48+09,2018-04-07T03:19:58+09,34
MaTriXy/SwipeableCard,https://github.com/MaTriXy/SwipeableCard,2016-03-12T20:19:53+09,2016-05-17T01:02:02+09,34
firedev/webpack_react,https://github.com/firedev/webpack_react,2015-07-10T12:30:26+09,2015-07-12T00:54:15+09,33
yulwin/yulwin.github.io,https://github.com/yulwin/yulwin.github.io,2018-06-03T19:11:42+09,2018-08-31T21:47:10+09,30
WarWarMyint/WarWarMyint.github.io,https://github.com/WarWarMyint/WarWarMyint.github.io,2018-06-03T20:48:29+09,2018-06-07T12:56:23+09,30
PhyoPhyoMa/PhyoPhyoMa.github.io,https://github.com/PhyoPhyoMa/PhyoPhyoMa.github.io,2018-06-03T20:45:33+09,2018-06-07T01:20:05+09,30
AndrewBresee/relay-fullstack,https://github.com/AndrewBresee/relay-fullstack,2016-07-19T06:35:11+09,2016-08-02T06:26:04+09,30
GIGAMOLE/NavigationTabBar,https://github.com/GIGAMOLE/NavigationTabBar,2016-07-26T23:49:26+09,2018-05-22T06:49:08+09,29
huang451179670/learning-article,https://github.com/huang451179670/learning-article,2018-08-17T16:03:23+09,2018-12-15T11:39:42+09,28
survivejs-translations/react-book-es,https://github.com/survivejs-translations/react-book-es,2017-02-17T15:58:58+09,2017-06-05T01:41:19+09,28
ishubhamsingh/wallpaperboard,https://github.com/ishubhamsingh/wallpaperboard,2017-04-28T05:04:24+09,2017-05-11T21:10:40+09,28
chinanf-boy/react-from-zero,https://github.com/chinanf-boy/react-from-zero,2018-06-28T15:37:34+09,2019-03-29T13:51:46+09,26
maxwen/wallpaperboard,https://github.com/maxwen/wallpaperboard,2017-04-16T09:15:36+09,2017-05-07T22:41:04+09,26
pranavrajs/native-starter-kit,https://github.com/pranavrajs/native-starter-kit,2016-10-21T17:39:05+09,2017-04-05T16:14:12+09,25
bfollington/re-base,https://github.com/bfollington/re-base,2015-12-30T06:14:23+09,2016-04-17T18:34:55+09,25
risk3sixty/timesheet.js,https://github.com/risk3sixty/timesheet.js,2020-02-06T00:00:55+09,2020-02-18T01:57:23+09,24
rajkale99/wallpaperboard,https://github.com/rajkale99/wallpaperboard,2019-07-16T21:54:34+09,2019-07-19T06:56:02+09,24
vyspiansky/react-from-zero,https://github.com/vyspiansky/react-from-zero,2018-07-17T23:37:22+09,2018-07-19T23:51:51+09,24
shwezinoo/shwezinoo.github.io,https://github.com/shwezinoo/shwezinoo.github.io,2018-06-03T12:48:00+09,2018-06-16T01:44:44+09,23
LaeLaeWin/LaeLaeWin.github.io,https://github.com/LaeLaeWin/LaeLaeWin.github.io,2018-06-03T22:55:39+09,2018-06-08T13:47:05+09,23
chayanforyou/duo-navigation-drawer,https://github.com/chayanforyou/duo-navigation-drawer,2017-08-03T12:17:28+09,2019-02-28T19:16:09+09,22
thuyatun/thuyatun.github.io,https://github.com/thuyatun/thuyatun.github.io,2018-06-04T12:46:16+09,2018-09-04T20:44:47+09,22
ShweYeeKoKo/ShweYeeKoKo.github.io,https://github.com/ShweYeeKoKo/ShweYeeKoKo.github.io,2018-06-03T18:00:30+09,2018-06-29T00:34:08+09,22
ShoonWaddySoeMoe/ShoonWaddySoeMoe.github.io,https://github.com/ShoonWaddySoeMoe/ShoonWaddySoeMoe.github.io,2018-06-04T21:23:26+09,2018-06-05T02:08:10+09,22
ss707494/react-starter-kit,https://github.com/ss707494/react-starter-kit,2016-12-03T21:08:55+09,2017-01-17T18:40:44+09,22
RamyElkest/GitterMobile,https://github.com/RamyElkest/GitterMobile,2016-10-15T23:14:38+09,2016-11-20T03:32:27+09,22
MrThiago/Is-Now-Illegal,https://github.com/MrThiago/Is-Now-Illegal,2017-02-06T11:49:40+09,2021-03-01T19:38:04+09,21
MaTriXy/duo-navigation-drawer,https://github.com/MaTriXy/duo-navigation-drawer,2017-06-27T04:40:36+09,2018-10-25T19:47:58+09,21
lex111/react-from-zero,https://github.com/lex111/react-from-zero,2018-07-07T14:17:56+09,2018-07-08T13:47:26+09,21
Maelstroms/touro,https://github.com/Maelstroms/touro,2017-08-11T00:17:10+09,2017-08-30T09:19:20+09,21
ShunLeiNadiMoe/ShunLeiNadiMoe.github.io,https://github.com/ShunLeiNadiMoe/ShunLeiNadiMoe.github.io,2018-06-03T21:56:45+09,2018-07-19T12:26:01+09,20
BimBimSalaBim/instapy-cli,https://github.com/BimBimSalaBim/instapy-cli,2019-04-17T12:03:32+09,2019-05-16T06:07:51+09,19
thinmarwin/thinmarwin.github.io,https://github.com/thinmarwin/thinmarwin.github.io,2018-06-03T19:36:29+09,2018-06-14T15:56:44+09,19
PyaePanSan/PyaePanSan.github.io,https://github.com/PyaePanSan/PyaePanSan.github.io,2018-06-02T18:37:12+09,2018-06-05T21:25:29+09,19
connor-ray/portfolio-website,https://github.com/connor-ray/portfolio-website,2016-12-15T04:12:31+09,2017-06-16T06:06:09+09,19
pipemachine/relay-fullstack,https://github.com/pipemachine/relay-fullstack,2016-06-16T15:47:43+09,2016-12-27T09:54:12+09,19
nwayaprilcumdy/nwayaprilcumdy.github.io,https://github.com/nwayaprilcumdy/nwayaprilcumdy.github.io,2018-06-04T18:10:44+09,2018-09-02T13:35:47+09,18
winttheingihlaing/winttheingihlaing.github.io,https://github.com/winttheingihlaing/winttheingihlaing.github.io,2018-06-02T17:40:19+09,2018-09-02T13:35:19+09,18
Poethalphyu/Poethalphyu.github.io,https://github.com/Poethalphyu/Poethalphyu.github.io,2018-06-04T13:31:40+09,2018-06-18T12:21:03+09,18
Zinmarlwin711/Zinmarlwin711.github.io,https://github.com/Zinmarlwin711/Zinmarlwin711.github.io,2018-06-03T12:38:49+09,2018-06-15T16:49:42+09,18
bareq/DrawRouteMaps,https://github.com/bareq/DrawRouteMaps,2017-04-12T22:40:56+09,2017-11-24T23:31:13+09,18
pantsli/blog,https://github.com/pantsli/blog,2018-01-29T11:14:48+09,2019-07-16T23:54:22+09,17
KyawZinAung12/kyawzinaung12.github.io,https://github.com/KyawZinAung12/kyawzinaung12.github.io,2018-06-04T13:53:01+09,2018-09-07T00:44:33+09,17
kaungmyatthumdy/kaungmyatthumdy.github.io,https://github.com/kaungmyatthumdy/kaungmyatthumdy.github.io,2018-06-03T01:36:13+09,2018-07-01T19:33:20+09,17
phuephuekhaingmin/phuephuekhaingmin.github.io,https://github.com/phuephuekhaingmin/phuephuekhaingmin.github.io,2018-06-03T18:12:01+09,2018-06-15T18:12:46+09,17
Ma-Min-Min/Ma-Min-Min.github.io,https://github.com/Ma-Min-Min/Ma-Min-Min.github.io,2018-06-02T04:45:50+09,2018-06-15T04:02:50+09,17
Seinnuhtwe97/Seinnuhtwe97.github.io,https://github.com/Seinnuhtwe97/Seinnuhtwe97.github.io,2018-06-03T19:41:38+09,2018-06-14T13:13:15+09,17
Theintnandarzaw/Theintnandarzaw.github.io,https://github.com/Theintnandarzaw/Theintnandarzaw.github.io,2018-06-04T11:33:04+09,2018-06-08T14:18:20+09,17
SandarAungMyint/SandarAungMyint.github.io,https://github.com/SandarAungMyint/SandarAungMyint.github.io,2018-06-03T20:27:34+09,2018-06-06T17:45:11+09,17
aladdin-add/react-book,https://github.com/aladdin-add/react-book,2017-11-09T21:21:34+09,2018-03-14T00:31:52+09,17
mehrdad-shokri/react-book,https://github.com/mehrdad-shokri/react-book,2017-11-15T14:37:20+09,2018-03-14T00:31:52+09,17
gazdagergo/my-test-friends,https://github.com/gazdagergo/my-test-friends,2017-11-15T04:05:12+09,2017-11-20T14:57:17+09,17
myaTheingi/myaTheingi.github.io,https://github.com/myaTheingi/myaTheingi.github.io,2018-06-03T13:21:05+09,2018-06-05T15:21:17+09,16
Corjen/awesome-react-render-props,https://github.com/Corjen/awesome-react-render-props,2018-02-02T01:50:59+09,2018-02-02T08:18:54+09,16
Marlar22/Marlar22.github.io,https://github.com/Marlar22/Marlar22.github.io,2018-06-02T14:10:51+09,2018-06-16T00:22:02+09,15
jimstump/Tutorials,https://github.com/jimstump/Tutorials,2017-12-14T02:06:35+09,2017-12-14T03:10:52+09,15
TheHandsomeCoder/re-base,https://github.com/TheHandsomeCoder/re-base,2017-05-11T06:00:16+09,2017-07-17T22:36:00+09,15
binyar/amazeui-touch,https://github.com/binyar/amazeui-touch,2016-09-20T23:54:32+09,2016-10-11T12:58:00+09,15
OxyDesign/Twitter-Post-Fetcher,https://github.com/OxyDesign/Twitter-Post-Fetcher,2015-08-10T07:32:48+09,2015-12-02T06:02:21+09,15
MyoMyoCU/MyoMyoCU.github.io,https://github.com/MyoMyoCU/MyoMyoCU.github.io,2018-06-03T18:41:52+09,2021-06-21T01:06:40+09,14
lwinthida/lwinthida.github.io,https://github.com/lwinthida/lwinthida.github.io,2018-06-03T12:16:37+09,2018-07-16T03:34:21+09,14
NannKhaingZarThinn/NannKhaingZarThinn.github.io,https://github.com/NannKhaingZarThinn/NannKhaingZarThinn.github.io,2018-06-02T21:40:18+09,2018-06-29T03:27:46+09,14
MayThuHtun/MayThuHtun.github.io,https://github.com/MayThuHtun/MayThuHtun.github.io,2018-06-05T01:43:20+09,2018-06-27T22:57:16+09,14
yamonephoopwintnaing/yamonephoopwintnaing.github.io,https://github.com/yamonephoopwintnaing/yamonephoopwintnaing.github.io,2018-06-03T15:55:03+09,2018-06-15T14:19:34+09,14
khaing357/myprofile.github.io,https://github.com/khaing357/myprofile.github.io,2018-06-02T21:09:21+09,2018-06-15T11:43:52+09,14
Nannlaelaeaung/Nannlaelaeaung.github.io,https://github.com/Nannlaelaeaung/Nannlaelaeaung.github.io,2018-06-03T15:37:22+09,2018-06-07T12:13:43+09,14
gianmarcotoso/awesome-react-render-props,https://github.com/gianmarcotoso/awesome-react-render-props,2017-12-16T04:21:50+09,2018-02-02T08:08:07+09,14
er361/mebelSite2,https://github.com/er361/mebelSite2,2016-05-01T07:28:50+09,2016-05-28T20:50:53+09,14
khaingkhainghtwe/khaingkhainghtwe.github.io,https://github.com/khaingkhainghtwe/khaingkhainghtwe.github.io,2018-06-04T12:44:53+09,2018-09-05T14:59:46+09,13
KhinYadanaThein/KhinYadanaThein.github.io,https://github.com/KhinYadanaThein/KhinYadanaThein.github.io,2018-06-02T21:47:41+09,2018-09-05T04:46:14+09,13
Mattlk13/re-base,https://github.com/Mattlk13/re-base,2018-05-10T03:08:25+09,2018-07-23T15:03:58+09,13
eimontheintamara/eimontheintamara.github.io,https://github.com/eimontheintamara/eimontheintamara.github.io,2018-06-02T23:29:27+09,2018-06-13T12:58:22+09,13
HmwayHmwayKyaing/HmwayHmwayKyaing.github.io,https://github.com/HmwayHmwayKyaing/HmwayHmwayKyaing.github.io,2018-06-04T12:47:00+09,2018-06-06T17:08:35+09,13
jxom/awesome-react-render-props,https://github.com/jxom/awesome-react-render-props,2018-01-23T09:27:52+09,2018-02-02T08:15:10+09,13
neriksso/portal2,https://github.com/neriksso/portal2,2016-03-07T15:49:41+09,2016-04-01T03:45:42+09,13
Jiyr0119/blog,https://github.com/Jiyr0119/blog,2017-08-22T16:13:29+09,2019-05-07T15:13:23+09,12
raupulus/react-from-zero,https://github.com/raupulus/react-from-zero,2018-07-10T19:44:38+09,2019-01-24T02:51:42+09,12
mgsoelwinoo/mgsoelwinoo.github.io,https://github.com/mgsoelwinoo/mgsoelwinoo.github.io,2018-06-04T12:42:07+09,2018-06-17T12:59:27+09,12
YuneMeMeMon/YuneMeMeMon.github.io,https://github.com/YuneMeMeMon/YuneMeMeMon.github.io,2018-06-04T13:10:39+09,2018-06-14T21:12:42+09,12
NandarNandar/NandarNandar.github.io,https://github.com/NandarNandar/NandarNandar.github.io,2018-06-03T13:24:12+09,2018-06-13T14:06:26+09,12
xhyan/react-starter-kit,https://github.com/xhyan/react-starter-kit,2016-06-29T11:33:01+09,2016-08-17T19:21:08+09,12
raulanatol/webmail-lite,https://github.com/raulanatol/webmail-lite,2015-03-18T06:04:13+09,2015-03-31T16:16:07+09,12
andycochrane/Twitter-Post-Fetcher,https://github.com/andycochrane/Twitter-Post-Fetcher,2018-12-13T02:20:28+09,2019-12-15T12:18:19+09,11
newlinedotco/react-from-zero,https://github.com/newlinedotco/react-from-zero,2018-07-18T01:32:04+09,2019-01-24T02:51:42+09,11
HungMingWu/floyd,https://github.com/HungMingWu/floyd,2018-11-07T16:16:19+09,2018-11-12T18:44:56+09,11
ThiriThanShwe/ThiriThanShwe.github.io,https://github.com/ThiriThanShwe/ThiriThanShwe.github.io,2018-06-04T13:19:07+09,2018-08-02T13:22:33+09,11
AyeThandarAung/AyeThandarAung.github.io,https://github.com/AyeThandarAung/AyeThandarAung.github.io,2018-06-04T16:43:14+09,2018-06-29T17:45:56+09,11
sansanaye12/sansanaye12.github.io,https://github.com/sansanaye12/sansanaye12.github.io,2018-06-03T11:58:03+09,2018-06-08T12:21:11+09,11
AyeAyeNwe/AyeAyeNwe.github.io,https://github.com/AyeAyeNwe/AyeAyeNwe.github.io,2018-06-04T12:04:10+09,2018-06-05T16:11:29+09,11
ba-nyar-naing/ba-nyar-naing.github.io,https://github.com/ba-nyar-naing/ba-nyar-naing.github.io,2018-06-02T22:39:28+09,2018-06-05T11:58:43+09,11
GulajavaMinistudio/DrawRouteMaps,https://github.com/GulajavaMinistudio/DrawRouteMaps,2016-11-14T16:57:29+09,2018-04-06T07:33:21+09,11
Th3CracKed/wallpaperboard,https://github.com/Th3CracKed/wallpaperboard,2017-06-19T11:22:44+09,2017-06-26T06:56:28+09,11
ljf1172361058/NavigationTabBar,https://github.com/ljf1172361058/NavigationTabBar,2016-11-03T11:45:06+09,2017-05-19T18:16:50+09,11
adorris1/native-starter-kit,https://github.com/adorris1/native-starter-kit,2016-12-30T10:00:06+09,2017-04-03T08:34:03+09,11
balupton/minimal-react,https://github.com/balupton/minimal-react,2016-03-21T13:57:39+09,2016-04-22T20:34:50+09,11
lyuehh/essential-react,https://github.com/lyuehh/essential-react,2015-07-11T23:07:41+09,2015-08-28T20:16:43+09,11
BrickWang2000/drawingboard,https://github.com/BrickWang2000/drawingboard,2022-08-10T19:29:21+09,2022-09-05T10:21:11+09,10
SuPoPoo/SuPoPoo.github.io,https://github.com/SuPoPoo/SuPoPoo.github.io,2018-06-04T11:47:07+09,2018-08-31T22:51:24+09,10
hlayaminhtike/hlayaminhtike.github.io,https://github.com/hlayaminhtike/hlayaminhtike.github.io,2018-06-03T12:30:29+09,2018-07-05T05:40:43+09,10
ChoChoThet/ChoChoThet.github.io,https://github.com/ChoChoThet/ChoChoThet.github.io,2018-06-02T13:43:35+09,2018-06-16T00:21:21+09,10
soesoewai/soesoewai.github.io,https://github.com/soesoewai/soesoewai.github.io,2018-06-03T00:24:46+09,2018-06-07T20:38:30+09,10
SuMonHlaing/sumonhlaing.github.io,https://github.com/SuMonHlaing/sumonhlaing.github.io,2018-06-02T13:12:50+09,2018-06-07T00:10:42+09,10
ayeethirikyaww/ayeethirikyaww.github.io,https://github.com/ayeethirikyaww/ayeethirikyaww.github.io,2018-06-02T22:19:55+09,2018-06-06T13:35:32+09,10
NyoNyoHtwe/NyoNyoHtwe.github.io,https://github.com/NyoNyoHtwe/NyoNyoHtwe.github.io,2018-06-04T00:30:29+09,2018-06-06T04:55:03+09,10
sf-wdi-31/building-js-iterators-lab,https://github.com/sf-wdi-31/building-js-iterators-lab,2016-08-22T13:49:02+09,2016-08-22T16:31:22+09,10
SIRHAMY/react,https://github.com/SIRHAMY/react,2016-06-07T12:04:57+09,2016-06-09T00:22:15+09,10
u-sai32/DrawRouteMaps,https://github.com/u-sai32/DrawRouteMaps,2020-03-28T20:25:11+09,2020-03-28T20:48:42+09,9
phyu-lay/phyu-lay.github.io,https://github.com/phyu-lay/phyu-lay.github.io,2018-06-03T21:20:29+09,2018-08-31T17:15:06+09,9
SanThorl/SanThorl.github.io,https://github.com/SanThorl/SanThorl.github.io,2018-06-03T17:23:31+09,2018-06-15T03:24:51+09,9
Hanhtunaung97/Hanhtunaung97.github.io,https://github.com/Hanhtunaung97/Hanhtunaung97.github.io,2018-06-03T13:27:57+09,2018-06-07T10:22:34+09,9
ThitsarAung/ThitsarAung.github.io,https://github.com/ThitsarAung/ThitsarAung.github.io,2018-06-03T15:40:41+09,2018-06-06T23:19:44+09,9
ayesumon123/ayesumon123.github.io,https://github.com/ayesumon123/ayesumon123.github.io,2018-06-02T21:13:25+09,2018-06-05T14:31:44+09,9
cloudnativedev/cloudnativedev.github.io,https://github.com/cloudnativedev/cloudnativedev.github.io,2018-06-01T16:46:05+09,2018-06-04T17:05:03+09,9
jpgcc/timesheet.js,https://github.com/jpgcc/timesheet.js,2014-09-22T00:33:22+09,2015-03-04T05:10:53+09,9
Tweak4141/Is-Now-Illegal,https://github.com/Tweak4141/Is-Now-Illegal,2021-09-02T04:50:34+09,2022-05-28T12:28:31+09,8
txzh007/nepadmin,https://github.com/txzh007/nepadmin,2019-07-09T14:43:00+09,2020-05-21T09:44:36+09,8
Biangkerok32/DrawRouteMaps,https://github.com/Biangkerok32/DrawRouteMaps,2020-03-29T12:35:58+09,2020-03-29T12:45:49+09,8
Sanrel/redwersysandwers77,https://github.com/Sanrel/redwersysandwers77,2018-02-04T01:42:44+09,2019-03-10T20:30:48+09,8
ayeMoe/ayeMoe.github.io,https://github.com/ayeMoe/ayeMoe.github.io,2018-06-04T13:23:10+09,2018-09-05T09:45:27+09,8
SuSandiMyintNaing/SuSandiMyintNaing.github.io,https://github.com/SuSandiMyintNaing/SuSandiMyintNaing.github.io,2018-06-04T16:50:37+09,2018-08-24T12:09:39+09,8
MayZinThwe/mayzinthwe.github.io,https://github.com/MayZinThwe/mayzinthwe.github.io,2018-06-03T22:45:36+09,2018-06-28T12:19:28+09,8
khinhsumyatnoe/khinhsumyatnoe.github.io,https://github.com/khinhsumyatnoe/khinhsumyatnoe.github.io,2018-06-04T11:58:03+09,2018-06-11T16:19:27+09,8
ThaeNgonPhu/ThaeNgonPhu.github.io,https://github.com/ThaeNgonPhu/ThaeNgonPhu.github.io,2018-06-03T12:54:11+09,2018-06-08T20:21:49+09,8
KhinYadanarTun/KhinYadanarTun.github.io,https://github.com/KhinYadanarTun/KhinYadanarTun.github.io,2018-06-07T20:53:09+09,2018-06-08T00:01:07+09,8
EiChoZinn/EiChoZinn.github.io,https://github.com/EiChoZinn/EiChoZinn.github.io,2018-06-02T23:07:50+09,2018-06-07T22:56:14+09,8
YunMeMeThaw/YunMeMeThaw.github.io,https://github.com/YunMeMeThaw/YunMeMeThaw.github.io,2018-06-04T10:35:34+09,2018-06-07T21:15:43+09,8
AyeAyeZin/AyeAyeZin.github.io,https://github.com/AyeAyeZin/AyeAyeZin.github.io,2018-06-03T12:50:31+09,2018-06-07T00:43:58+09,8
alex-maxime/duo-navigation-drawer,https://github.com/alex-maxime/duo-navigation-drawer,2017-12-04T18:09:18+09,2018-04-20T00:57:00+09,8
idirver/webpack_react,https://github.com/idirver/webpack_react,2015-08-27T11:24:26+09,2018-02-25T14:47:34+09,8
Extra-lightwill/sql-demo-fork-rfs,https://github.com/Extra-lightwill/sql-demo-fork-rfs,2017-02-23T07:49:27+09,2017-03-02T20:40:05+09,8
customstickers/Is-Now-Illegal,https://github.com/customstickers/Is-Now-Illegal,2017-02-11T12:10:29+09,2017-02-11T17:19:03+09,8
SK8-PTY-LTD/lvtaotao-touch,https://github.com/SK8-PTY-LTD/lvtaotao-touch,2017-02-01T20:00:39+09,2017-02-03T19:13:54+09,8
TomV/react,https://github.com/TomV/react,2016-11-04T21:40:06+09,2016-11-06T08:22:21+09,8
zhang-z/amazeui-touch,https://github.com/zhang-z/amazeui-touch,2016-05-20T23:20:30+09,2016-05-21T12:37:26+09,8
keyeh/3ree,https://github.com/keyeh/3ree,2016-10-06T14:22:51+09,2016-10-06T17:34:51+09,8
rizabudi/DrawRouteMaps,https://github.com/rizabudi/DrawRouteMaps,2022-07-30T14:45:57+09,2023-09-15T07:05:28+09,7
cpinedae001/duo-navigation-drawer,https://github.com/cpinedae001/duo-navigation-drawer,2020-04-11T12:57:51+09,2020-05-07T09:11:41+09,7
cpansky/TKSubmitTransition,https://github.com/cpansky/TKSubmitTransition,2018-05-22T04:28:14+09,2020-02-04T00:10:58+09,7
ThanThanhtwe/ThanThanhtwe.github.io,https://github.com/ThanThanhtwe/ThanThanhtwe.github.io,2018-06-07T12:41:00+09,2018-09-06T16:58:59+09,7
YadanarWin/YadanarWin.github.io,https://github.com/YadanarWin/YadanarWin.github.io,2018-06-04T02:24:10+09,2018-08-31T23:28:06+09,7
Eieilin/Eieilin.github.io,https://github.com/Eieilin/Eieilin.github.io,2018-06-07T02:01:37+09,2018-08-31T22:38:49+09,7
htethtethtunjewel/htethtethtunjewel.github.io,https://github.com/htethtethtunjewel/htethtethtunjewel.github.io,2018-06-02T12:28:55+09,2018-07-13T15:32:37+09,7
sumyatphyo/sumyatphyo.github.io,https://github.com/sumyatphyo/sumyatphyo.github.io,2018-06-04T14:34:30+09,2018-07-02T12:50:59+09,7
ThiThiKhaing/ThiThiKhaing.github.io,https://github.com/ThiThiKhaing/ThiThiKhaing.github.io,2018-06-05T18:59:46+09,2018-06-06T02:00:11+09,7
jsgoten/micron,https://github.com/jsgoten/micron,2018-02-01T11:32:38+09,2018-02-07T12:28:19+09,7
Lessica/JVFloatingDrawer,https://github.com/Lessica/JVFloatingDrawer,2017-04-07T18:16:42+09,2017-10-13T11:06:38+09,7
jacktator/react-native-template,https://github.com/jacktator/react-native-template,2017-06-15T14:20:28+09,2017-06-22T10:30:58+09,7
sunchenguang/react-antd-admin,https://github.com/sunchenguang/react-antd-admin,2017-04-26T00:11:07+09,2017-05-11T20:56:31+09,7
puan0601/building-js-iterators-lab,https://github.com/puan0601/building-js-iterators-lab,2017-01-31T09:23:35+09,2017-02-01T02:13:38+09,7
adam-keim/felony,https://github.com/adam-keim/felony,2016-07-12T02:35:49+09,2016-07-13T01:07:21+09,7
greg-js/felony,https://github.com/greg-js/felony,2016-07-09T23:15:24+09,2016-07-13T00:28:20+09,7
amilajack/felony,https://github.com/amilajack/felony,2016-07-08T03:40:55+09,2016-07-12T06:03:38+09,7
ojame/re-base,https://github.com/ojame/re-base,2015-11-28T19:36:42+09,2015-11-29T08:19:04+09,7
jcgertig/re-base,https://github.com/jcgertig/re-base,2015-09-13T00:42:03+09,2015-10-05T11:36:42+09,7
michaelrshannon/Twitter-Post-Fetcher,https://github.com/michaelrshannon/Twitter-Post-Fetcher,2014-08-14T19:30:38+09,2014-08-22T07:20:33+09,7
zhangdengjie/NavigationTabBar,https://github.com/zhangdengjie/NavigationTabBar,2023-06-25T11:02:54+09,2023-06-27T19:57:17+09,6
Muditar/Muditar.github.io,https://github.com/Muditar/Muditar.github.io,2018-06-04T17:05:00+09,2018-08-31T17:21:15+09,6
thinzaroo15/thinzaroo15.github.io,https://github.com/thinzaroo15/thinzaroo15.github.io,2018-07-12T22:54:19+09,2018-08-16T09:29:25+09,6
myatkaythiaung/myatkaythiaung.github.io,https://github.com/myatkaythiaung/myatkaythiaung.github.io,2018-06-03T23:01:32+09,2018-06-25T14:12:20+09,6
eithuzartun/eithuzartun.github.io,https://github.com/eithuzartun/eithuzartun.github.io,2018-06-02T23:06:12+09,2018-06-12T21:18:25+09,6
ThandarPhyoe/ThandarPhyoe.github.io,https://github.com/ThandarPhyoe/ThandarPhyoe.github.io,2018-06-04T11:39:18+09,2018-06-06T16:23:25+09,6
PhyuAye/PhyuAye.github.io,https://github.com/PhyuAye/PhyuAye.github.io,2018-06-04T13:20:55+09,2018-06-06T13:58:45+09,6
Nandarlynnn/Nandarlynnn.github.io,https://github.com/Nandarlynnn/Nandarlynnn.github.io,2018-06-03T23:09:20+09,2018-06-06T00:50:16+09,6
cumaythuhan/cumaythuhan.github.io,https://github.com/cumaythuhan/cumaythuhan.github.io,2018-06-05T16:24:56+09,2018-06-05T20:26:57+09,6
Eithandarphyo51/Eithandarphyo51.github.io,https://github.com/Eithandarphyo51/Eithandarphyo51.github.io,2018-06-03T12:49:15+09,2018-06-05T14:38:08+09,6
jonstuebe/awesome-react-render-props,https://github.com/jonstuebe/awesome-react-render-props,2018-02-02T12:19:15+09,2018-02-02T12:33:05+09,6
JackEasons/amazeui-touch,https://github.com/JackEasons/amazeui-touch,2016-10-09T19:41:03+09,2017-12-03T17:37:25+09,6
yhjun1026/blog,https://github.com/yhjun1026/blog,2017-09-26T10:27:49+09,2017-12-02T18:43:38+09,6
marcopompei/JVFloatingDrawer,https://github.com/marcopompei/JVFloatingDrawer,2017-05-04T05:39:36+09,2017-05-05T01:40:58+09,6
brbsix/felony,https://github.com/brbsix/felony,2016-07-06T18:07:37+09,2016-07-08T14:16:11+09,6
csb324/Twitter-Post-Fetcher,https://github.com/csb324/Twitter-Post-Fetcher,2015-01-23T06:57:11+09,2015-07-28T07:35:18+09,6
zopieux/webmail-lite,https://github.com/zopieux/webmail-lite,2015-03-21T03:05:33+09,2015-03-21T08:43:08+09,6
anilkabobo/Twitter-Post-Fetcher,https://github.com/anilkabobo/Twitter-Post-Fetcher,2014-12-07T23:19:57+09,2014-12-08T00:38:34+09,6
jasperjorna/Twitter-Post-Fetcher,https://github.com/jasperjorna/Twitter-Post-Fetcher,2014-08-13T01:11:57+09,2014-08-13T20:09:02+09,6
jlcoo/e-books,https://github.com/jlcoo/e-books,2020-07-26T16:38:32+09,2021-02-25T16:05:07+09,5
VolleyCN/MarqueeViewLibrary,https://github.com/VolleyCN/MarqueeViewLibrary,2020-12-18T13:49:59+09,2020-12-18T18:32:21+09,5
gcyml/nepadmin,https://github.com/gcyml/nepadmin,2019-04-17T18:33:40+09,2019-04-19T17:17:09+09,5
TheTechsTech/webmail-lite,https://github.com/TheTechsTech/webmail-lite,2018-05-26T00:56:22+09,2019-01-09T20:54:40+09,5
ericx2x/react-from-zero,https://github.com/ericx2x/react-from-zero,2018-07-07T22:43:53+09,2018-07-10T21:04:49+09,5
TinTinWin/TinTinWin.github.io,https://github.com/TinTinWin/TinTinWin.github.io,2018-06-12T02:00:58+09,2018-06-30T01:38:26+09,5
mpellegrin/Twitter-Post-Fetcher,https://github.com/mpellegrin/Twitter-Post-Fetcher,2018-05-29T07:08:29+09,2018-06-17T21:19:00+09,5
ZinMarKyawww/zinmarkyawww.github.io,https://github.com/ZinMarKyawww/zinmarkyawww.github.io,2018-06-07T13:45:42+09,2018-06-07T15:01:41+09,5
LwinMeMeKhaing/LwinMeMeKhaing.github.io,https://github.com/LwinMeMeKhaing/LwinMeMeKhaing.github.io,2018-06-04T12:05:59+09,2018-06-07T11:27:39+09,5
hninpoeaukyaw/hninpoeaukyaw.github.io,https://github.com/hninpoeaukyaw/hninpoeaukyaw.github.io,2018-06-04T02:02:00+09,2018-06-06T14:57:51+09,5
theintthandarnaing/theintthandarnaing.github.io,https://github.com/theintthandarnaing/theintthandarnaing.github.io,2018-06-04T13:55:18+09,2018-06-06T14:04:08+09,5
AyeEiPhyu/AyeEiPhyu.github.io,https://github.com/AyeEiPhyu/AyeEiPhyu.github.io,2018-06-03T22:27:01+09,2018-06-06T02:29:41+09,5
nagyist/sbstjn-timesheet.js,https://github.com/nagyist/sbstjn-timesheet.js,2015-03-09T04:41:08+09,2018-05-25T06:40:04+09,5
umphp/blog,https://github.com/umphp/blog,2017-04-23T12:04:08+09,2017-05-12T18:51:30+09,5
narongdejsrn/relay-fullstack,https://github.com/narongdejsrn/relay-fullstack,2016-07-24T01:42:21+09,2016-08-01T14:09:50+09,5
sf-wdi-27-28/building_js_iterators_lab,https://github.com/sf-wdi-27-28/building_js_iterators_lab,2016-03-22T00:54:02+09,2016-04-14T23:27:01+09,5
JacobAGTyler/timesheet.js,https://github.com/JacobAGTyler/timesheet.js,2015-03-09T18:25:53+09,2016-03-02T04:43:26+09,5
fdidron/re-base,https://github.com/fdidron/re-base,2015-08-28T13:05:43+09,2015-09-14T21:21:29+09,5
EmreGumus1/GitterMobile,https://github.com/EmreGumus1/GitterMobile,2020-09-26T21:28:31+09,2023-06-22T04:52:21+09,4
DavidsLiu/blog,https://github.com/DavidsLiu/blog,2017-04-06T14:49:27+09,2022-11-22T14:56:24+09,4
chenyunecjtu/MarqueeViewLibrary,https://github.com/chenyunecjtu/MarqueeViewLibrary,2021-12-29T15:14:49+09,2021-12-30T11:14:58+09,4
chenhesz/weekly,https://github.com/chenhesz/weekly,2020-06-18T20:54:03+09,2021-10-21T16:14:00+09,4
chenhesz/weekly,https://github.com/chenhesz/weekly,2020-06-18T20:54:03+09,2021-10-21T16:14:00+09,4
giepher/react-antd-admin,https://github.com/giepher/react-antd-admin,2020-01-24T17:52:19+09,2021-05-23T16:57:12+09,4
luiszheng0627/DrawRouteMaps,https://github.com/luiszheng0627/DrawRouteMaps,2020-01-24T01:02:59+09,2020-01-24T02:08:10+09,4
schmiddim/instapy-cli,https://github.com/schmiddim/instapy-cli,2019-10-08T05:36:14+09,2019-10-13T20:35:41+09,4
anirudhamahale/TKSubmitTransition,https://github.com/anirudhamahale/TKSubmitTransition,2018-09-10T16:56:23+09,2019-09-10T22:25:43+09,4
HninYamoneNwae/HninYamoneNwae.github.io,https://github.com/HninYamoneNwae/HninYamoneNwae.github.io,2018-06-04T00:10:47+09,2018-09-01T16:48:33+09,4
Phyoeieibo/Phyoeieibo.github.io,https://github.com/Phyoeieibo/Phyoeieibo.github.io,2018-06-30T17:24:54+09,2018-06-30T21:41:38+09,4
laminmohmoh/laminmohmoh.github.io,https://github.com/laminmohmoh/laminmohmoh.github.io,2018-06-17T13:01:51+09,2018-06-25T21:05:01+09,4
KhinYadanarSoe/KhinYadanarSoe.github.io,https://github.com/KhinYadanarSoe/KhinYadanarSoe.github.io,2018-06-11T14:37:31+09,2018-06-11T16:40:32+09,4
ThaimMwaeLwin/ThaimMwaeLwin.github.io,https://github.com/ThaimMwaeLwin/ThaimMwaeLwin.github.io,2018-06-07T20:50:18+09,2018-06-10T12:33:18+09,4
JueJue1/JueJue1.github.io,https://github.com/JueJue1/JueJue1.github.io,2018-06-08T16:02:29+09,2018-06-08T21:00:43+09,4
KaungHtettAung/KaungHtettAung.github.io,https://github.com/KaungHtettAung/KaungHtettAung.github.io,2018-06-03T23:54:46+09,2018-06-07T12:46:32+09,4
phyuthinzarmg/phyuthinzarmg.github.io,https://github.com/phyuthinzarmg/phyuthinzarmg.github.io,2018-06-04T13:26:27+09,2018-06-06T16:14:07+09,4
TheinMwePhu/TheinMwePhu.github.io,https://github.com/TheinMwePhu/TheinMwePhu.github.io,2018-06-02T23:16:44+09,2018-06-06T14:40:44+09,4
Eieiphyu/Eieiphyu.github.io,https://github.com/Eieiphyu/Eieiphyu.github.io,2018-06-04T14:00:10+09,2018-06-06T01:38:47+09,4
SandarSoe/SandarSoe.github.io,https://github.com/SandarSoe/SandarSoe.github.io,2018-06-02T23:55:37+09,2018-06-05T23:30:54+09,4
Nithis111/wallpaperboard,https://github.com/Nithis111/wallpaperboard,2018-01-31T00:05:57+09,2018-01-31T17:08:11+09,4
lrxuexi/react-antd-admin,https://github.com/lrxuexi/react-antd-admin,2017-07-27T21:54:59+09,2017-07-27T22:37:07+09,4
aminshoman/react-lite,https://github.com/aminshoman/react-lite,2017-07-23T18:25:22+09,2017-07-24T21:53:22+09,4
loganfreeman/native-starter-kit,https://github.com/loganfreeman/native-starter-kit,2017-06-29T13:11:57+09,2017-06-29T14:41:12+09,4
pabloasc/crud-relay-fullstack,https://github.com/pabloasc/crud-relay-fullstack,2017-03-17T11:18:13+09,2017-05-20T01:26:11+09,4
gisce/timesheet.js,https://github.com/gisce/timesheet.js,2016-12-15T16:42:05+09,2016-12-15T17:01:39+09,4
metasP/TKSubmitTransition-Fix,https://github.com/metasP/TKSubmitTransition-Fix,2016-07-16T19:39:15+09,2016-07-16T20:30:43+09,4
hosiet/webmail-lite,https://github.com/hosiet/webmail-lite,2016-03-12T08:09:09+09,2016-04-27T18:53:08+09,4
beiciye/login-flow,https://github.com/beiciye/login-flow,2016-03-23T15:47:01+09,2016-03-24T17:00:41+09,4
marchon/re-base,https://github.com/marchon/re-base,2015-12-12T17:25:05+09,2015-12-12T18:18:57+09,4
stepan/TKSubmitTransition,https://github.com/stepan/TKSubmitTransition,2015-08-26T23:04:17+09,2015-09-11T04:18:55+09,4
lukehoban/essential-react,https://github.com/lukehoban/essential-react,2015-03-14T08:07:57+09,2015-03-14T08:39:30+09,4
dandycheung/Long-Shadows,https://github.com/dandycheung/Long-Shadows,2022-06-07T16:12:07+09,2022-06-09T20:55:47+09,3
flash-star-fantastic/drawingboard,https://github.com/flash-star-fantastic/drawingboard,2021-11-19T18:50:54+09,2021-11-19T19:17:27+09,3
jungjungin/NavigationTabBar,https://github.com/jungjungin/NavigationTabBar,2019-03-20T16:18:33+09,2021-03-08T09:44:25+09,3
alterfo/timesheet.js,https://github.com/alterfo/timesheet.js,2020-10-05T15:20:21+09,2020-10-05T21:32:03+09,3
anicetrip/react-antd-admin,https://github.com/anicetrip/react-antd-admin,2020-04-30T01:46:36+09,2020-04-30T01:55:41+09,3
ifyour/react-in-patterns-cn,https://github.com/ifyour/react-in-patterns-cn,2018-08-05T00:46:16+09,2019-06-05T13:15:45+09,3
hkr86/instapy-cli,https://github.com/hkr86/instapy-cli,2019-06-02T01:14:57+09,2019-06-02T02:45:45+09,3
tuantmdev/TKSubmitTransition,https://github.com/tuantmdev/TKSubmitTransition,2019-04-10T20:27:26+09,2019-05-09T12:39:08+09,3
EneasVVA/DrawRouteMaps,https://github.com/EneasVVA/DrawRouteMaps,2019-04-27T19:53:13+09,2019-05-03T16:23:24+09,3
giantbranchCollect/webmail-lite,https://github.com/giantbranchCollect/webmail-lite,2018-10-17T18:58:53+09,2019-03-25T16:34:47+09,3
soareseneves/TKSubmitTransition,https://github.com/soareseneves/TKSubmitTransition,2019-02-06T22:28:08+09,2019-02-07T01:32:32+09,3
nico1988/learning-article,https://github.com/nico1988/learning-article,2018-11-15T16:01:01+09,2018-11-29T16:45:14+09,3
monwil99/jquery-course,https://github.com/monwil99/jquery-course,2018-10-18T01:13:32+09,2018-11-14T20:14:19+09,3
ThiriMon12/ThiriMon12.github.io,https://github.com/ThiriMon12/ThiriMon12.github.io,2018-07-10T13:30:00+09,2018-07-10T13:59:34+09,3
ZueZueMyatMaw2261997/ZueZueMyatMaw2261997.github.io,https://github.com/ZueZueMyatMaw2261997/ZueZueMyatMaw2261997.github.io,2018-06-21T02:43:29+09,2018-06-21T03:21:58+09,3
BentoBrowser/re-base,https://github.com/BentoBrowser/re-base,2018-06-06T04:08:49+09,2018-06-20T14:19:46+09,3
hninyu46/Mohninyu.github.io,https://github.com/hninyu46/Mohninyu.github.io,2018-06-04T13:27:43+09,2018-06-05T15:22:12+09,3
phyuzinzaw/phyuzinzaw.github.io,https://github.com/phyuzinzaw/phyuzinzaw.github.io,2018-06-03T22:31:38+09,2018-06-05T15:07:17+09,3
PhooThinzarMaw/PhooThinzarMaw.github.io,https://github.com/PhooThinzarMaw/PhooThinzarMaw.github.io,2018-06-04T16:34:43+09,2018-06-05T01:28:16+09,3
rluncasu/minimal-react-webpack-sitemap,https://github.com/rluncasu/minimal-react-webpack-sitemap,2017-06-17T00:48:21+09,2017-12-05T21:10:15+09,3
caioflores/relay-fullstack,https://github.com/caioflores/relay-fullstack,2017-10-03T09:29:30+09,2017-10-03T10:25:29+09,3
gouravsood/native-starter-kit,https://github.com/gouravsood/native-starter-kit,2017-07-19T18:01:45+09,2017-07-20T06:01:53+09,3
darrenchiu/native-starter-kit,https://github.com/darrenchiu/native-starter-kit,2017-04-28T11:45:05+09,2017-04-28T17:56:44+09,3
areiterer/login-flow,https://github.com/areiterer/login-flow,2017-02-01T02:21:15+09,2017-02-07T03:32:56+09,3
zbsedefian/csspin,https://github.com/zbsedefian/csspin,2016-12-06T08:42:09+09,2016-12-07T08:50:51+09,3
srinivasdamam/re-base,https://github.com/srinivasdamam/re-base,2016-09-21T16:39:17+09,2016-10-20T02:27:37+09,3
inhuman-cpc/react-lite,https://github.com/inhuman-cpc/react-lite,2016-05-10T18:29:14+09,2016-05-10T23:59:00+09,3
granmoe/re-base,https://github.com/granmoe/re-base,2016-02-23T13:31:37+09,2016-02-25T14:03:11+09,3
jdm29/login-flow,https://github.com/jdm29/login-flow,2016-02-19T07:36:45+09,2016-02-19T08:47:11+09,3
hettlage/webpack_react,https://github.com/hettlage/webpack_react,2016-01-08T04:15:39+09,2016-01-13T05:52:31+09,3
benthemonkey/re-base,https://github.com/benthemonkey/re-base,2016-01-09T09:00:27+09,2016-01-12T08:47:31+09,3
zhenghuanpeng1992/timesheet.js,https://github.com/zhenghuanpeng1992/timesheet.js,2015-03-04T15:26:42+09,2015-12-12T21:52:54+09,3
xuyuanme/webpack_react,https://github.com/xuyuanme/webpack_react,2015-11-30T14:57:10+09,2015-11-30T21:24:34+09,3
dallonf/essential-react,https://github.com/dallonf/essential-react,2015-09-02T01:22:04+09,2015-09-02T02:41:26+09,3
bobbijvoet/react-hangman,https://github.com/bobbijvoet/react-hangman,2015-03-12T07:07:40+09,2015-03-12T10:36:48+09,3
albell/Twitter-Post-Fetcher,https://github.com/albell/Twitter-Post-Fetcher,2015-03-11T09:11:40+09,2015-03-11T09:45:00+09,3
martinbalfanz/essential-react,https://github.com/martinbalfanz/essential-react,2015-03-10T05:08:01+09,2015-03-10T05:38:55+09,3
Qihoo360/floyd,https://github.com/Qihoo360/floyd,2018-01-19T18:22:16+09,2020-06-12T10:00:32+09,2
badnotes/react-antd-admin,https://github.com/badnotes/react-antd-admin,2018-11-01T18:35:57+09,2020-03-16T11:55:31+09,2
wykolor/blog,https://github.com/wykolor/blog,2019-03-21T14:24:45+09,2019-07-23T21:31:12+09,2
xuanyanwow/nepadmin,https://github.com/xuanyanwow/nepadmin,2019-07-02T21:41:58+09,2019-07-02T22:25:55+09,2
hyczlf/SwipeBackLayout,https://github.com/hyczlf/SwipeBackLayout,2019-03-30T22:05:41+09,2019-03-31T01:42:42+09,2
bvdaakster/duo-navigation-drawer,https://github.com/bvdaakster/duo-navigation-drawer,2019-02-27T22:00:40+09,2019-02-27T22:15:50+09,2
marcelmokos/awesome-react-render-props,https://github.com/marcelmokos/awesome-react-render-props,2019-02-15T08:37:32+09,2019-02-15T09:55:37+09,2
dekelea/react,https://github.com/dekelea/react,2016-06-19T06:59:12+09,2019-01-27T02:07:02+09,2
hedou/learning-article,https://github.com/hedou/learning-article,2018-11-15T19:58:55+09,2018-12-15T11:39:42+09,2
JunlingQin/learning-article,https://github.com/JunlingQin/learning-article,2018-11-09T15:25:39+09,2018-11-13T15:56:19+09,2
jayluxferro/DrawRouteMaps,https://github.com/jayluxferro/DrawRouteMaps,2018-11-06T02:05:19+09,2018-11-06T02:08:28+09,2
anamritraj/instapy-cli,https://github.com/anamritraj/instapy-cli,2018-10-28T14:53:48+09,2018-10-29T18:31:06+09,2
mounter-sites/webmail-lite,https://github.com/mounter-sites/webmail-lite,2018-10-19T10:24:20+09,2018-10-19T10:38:46+09,2
jkomyno/awesome-react-render-props,https://github.com/jkomyno/awesome-react-render-props,2018-09-21T15:43:12+09,2018-09-21T15:49:45+09,2
EiPoPoAung/eipopoaung.github.io,https://github.com/EiPoPoAung/eipopoaung.github.io,2018-09-05T18:08:02+09,2018-09-05T18:34:07+09,2
CherryTunKyaw/CherryTunKyaw.github.io,https://github.com/CherryTunKyaw/CherryTunKyaw.github.io,2018-06-19T13:07:59+09,2018-06-21T22:26:18+09,2
ZinMarNwe/ZinMarNwe.github.io,https://github.com/ZinMarNwe/ZinMarNwe.github.io,2018-06-20T11:58:09+09,2018-06-20T13:18:56+09,2
AyeNandar/AyeNandar.github.io,https://github.com/AyeNandar/AyeNandar.github.io,2018-06-10T22:59:04+09,2018-06-14T15:38:12+09,2
wintwarkhaing/wintwarkhaing.github.io,https://github.com/wintwarkhaing/wintwarkhaing.github.io,2018-06-12T01:33:04+09,2018-06-12T03:09:47+09,2
omidmufeeddm/Twitter-Post-Fetcher,https://github.com/omidmufeeddm/Twitter-Post-Fetcher,2017-12-06T22:31:35+09,2017-12-06T23:18:16+09,2
MotionWallpapersUK/wallpaperboard,https://github.com/MotionWallpapersUK/wallpaperboard,2017-09-14T00:28:19+09,2017-09-14T12:37:34+09,2
irushavm/timesheet.js,https://github.com/irushavm/timesheet.js,2017-09-09T02:37:53+09,2017-09-10T08:42:25+09,2
magicknight/blog-1,https://github.com/magicknight/blog-1,2017-08-22T11:38:39+09,2017-09-08T05:10:24+09,2
katoro/NavigationTabBar,https://github.com/katoro/NavigationTabBar,2017-08-11T13:55:42+09,2017-08-16T20:32:13+09,2
mikedodd/Twitter-Post-Fetcher,https://github.com/mikedodd/Twitter-Post-Fetcher,2017-06-28T01:41:03+09,2017-06-28T02:15:00+09,2
jiangshimin/blog,https://github.com/jiangshimin/blog,2017-03-06T23:46:47+09,2017-03-07T21:38:11+09,2
githbq/react-antd-admin,https://github.com/githbq/react-antd-admin,2017-02-16T17:57:12+09,2017-03-02T13:53:58+09,2
RupalSanghavi/login-flow,https://github.com/RupalSanghavi/login-flow,2017-02-09T05:13:57+09,2017-02-10T17:46:44+09,2
Shuttlerock-Archive/react-lite,https://github.com/Shuttlerock-Archive/react-lite,2016-12-23T20:28:16+09,2016-12-23T20:50:20+09,2
DaveyEdwards/relay-fullstack-graffiti-mongoose,https://github.com/DaveyEdwards/relay-fullstack-graffiti-mongoose,2016-12-12T07:43:21+09,2016-12-20T04:21:28+09,2
vdhima/webmail-lite,https://github.com/vdhima/webmail-lite,2016-12-15T07:48:01+09,2016-12-15T07:58:06+09,2
lyndraco/timesheet.js,https://github.com/lyndraco/timesheet.js,2016-12-03T00:50:34+09,2016-12-03T00:54:10+09,2
Stonelinks/native-starter-kit,https://github.com/Stonelinks/native-starter-kit,2016-11-01T11:54:09+09,2016-11-01T13:06:41+09,2
sf-wdi-33/building-js-iterators-lab,https://github.com/sf-wdi-33/building-js-iterators-lab,2016-10-18T03:50:51+09,2016-11-01T04:00:50+09,2
ngtrieuvi92/native-starter-kit,https://github.com/ngtrieuvi92/native-starter-kit,2016-10-21T23:48:13+09,2016-10-21T23:57:07+09,2
Rohit-cheddr/relay-fullstack,https://github.com/Rohit-cheddr/relay-fullstack,2016-08-13T04:52:58+09,2016-08-15T15:56:28+09,2
dehlen/JVFloatingDrawer,https://github.com/dehlen/JVFloatingDrawer,2016-08-10T18:13:41+09,2016-08-10T18:15:55+09,2
Molecularts/PullToBounce,https://github.com/Molecularts/PullToBounce,2016-07-21T00:19:57+09,2016-07-21T00:31:24+09,2
S-Kaushik/nativebase-todo-app,https://github.com/S-Kaushik/nativebase-todo-app,2016-06-22T22:50:53+09,2016-06-23T16:35:35+09,2
joshluongo/PullToBounce,https://github.com/joshluongo/PullToBounce,2016-06-03T22:10:53+09,2016-06-03T22:21:46+09,2
sf-wdi-gaia/js-building-iterators-lab,https://github.com/sf-wdi-gaia/js-building-iterators-lab,2016-05-09T14:08:08+09,2016-05-10T05:26:32+09,2
nightwolfz/react-lite,https://github.com/nightwolfz/react-lite,2016-03-24T23:28:19+09,2016-03-25T00:02:02+09,2
anthonybrown/re-base,https://github.com/anthonybrown/re-base,2016-02-26T12:13:05+09,2016-03-15T11:12:34+09,2
petrosh/timesheet.js,https://github.com/petrosh/timesheet.js,2016-01-29T03:09:30+09,2016-01-31T04:18:44+09,2
wilsonmar/webpack_react,https://github.com/wilsonmar/webpack_react,2016-01-25T10:28:44+09,2016-01-25T14:16:33+09,2
mindreframer/react-lite,https://github.com/mindreframer/react-lite,2016-01-05T23:46:37+09,2016-01-05T23:57:56+09,2
mintcanary/Twitter-Post-Fetcher,https://github.com/mintcanary/Twitter-Post-Fetcher,2015-11-25T22:10:27+09,2015-11-25T22:37:11+09,2
claudiopro/essential-react,https://github.com/claudiopro/essential-react,2015-09-08T18:36:23+09,2015-09-13T05:26:19+09,2
indevizible/TKSubmitTransition,https://github.com/indevizible/TKSubmitTransition,2015-09-08T19:49:45+09,2015-09-09T20:08:05+09,2
yonibot/webpack_react,https://github.com/yonibot/webpack_react,2015-07-12T00:34:59+09,2015-07-12T00:48:47+09,2
semu/timesheet.js,https://github.com/semu/timesheet.js,2014-11-02T19:54:28+09,2014-11-02T20:05:43+09,2
olivierrr/timesheet.js,https://github.com/olivierrr/timesheet.js,2014-09-15T06:40:02+09,2014-09-15T08:08:08+09,2
Femli/jquery-course,https://github.com/Femli/jquery-course,2023-09-15T11:54:02+09,2023-10-02T11:35:12+09,1
jhunieray/timesheet.js,https://github.com/jhunieray/timesheet.js,2017-06-18T13:58:25+09,2023-07-11T07:46:29+09,1
prudmycorre/Twitter-Post-Fetcher,https://github.com/prudmycorre/Twitter-Post-Fetcher,2023-07-05T08:12:06+09,2023-07-05T08:27:15+09,1
Git-Bizzy/PullToBounce,https://github.com/Git-Bizzy/PullToBounce,2023-03-12T10:06:26+09,2023-03-12T10:14:06+09,1
JohnSantosuosso/jquery-course,https://github.com/JohnSantosuosso/jquery-course,2022-12-20T07:44:27+09,2022-12-28T01:27:35+09,1
erbol07/Tutorials,https://github.com/erbol07/Tutorials,2019-09-29T22:04:05+09,2022-11-12T05:18:46+09,1
forky-mcforkface/react-starter-kit,https://github.com/forky-mcforkface/react-starter-kit,2022-08-18T08:11:19+09,2022-08-23T04:59:06+09,1
hw-1/webmail-lite,https://github.com/hw-1/webmail-lite,2021-06-08T16:48:38+09,2022-06-28T20:21:22+09,1
lixiandea/ebook,https://github.com/lixiandea/ebook,2022-06-11T00:36:50+09,2022-06-11T00:43:30+09,1
two-five/login-flow,https://github.com/two-five/login-flow,2022-04-19T06:48:59+09,2022-04-19T06:57:58+09,1
vcosmos/react-in-patterns-cn,https://github.com/vcosmos/react-in-patterns-cn,2022-02-23T08:42:32+09,2022-02-23T08:44:51+09,1
Catslullaby/blog,https://github.com/Catslullaby/blog,2018-12-31T21:16:31+09,2022-01-04T15:09:14+09,1
Cr0ckyy/jquery-course,https://github.com/Cr0ckyy/jquery-course,2021-09-02T22:39:18+09,2021-09-02T23:01:57+09,1
xiaozhaoying/blog,https://github.com/xiaozhaoying/blog,2018-03-19T11:55:15+09,2021-06-21T17:56:24+09,1
xiange-lxc-1/NavigationTabBar,https://github.com/xiange-lxc-1/NavigationTabBar,2021-06-03T16:42:25+09,2021-06-03T16:45:34+09,1
AkashlalBol/TKSubmitTransition,https://github.com/AkashlalBol/TKSubmitTransition,2021-05-03T21:13:06+09,2021-05-03T21:43:22+09,1
zhongjhATC/NavigationTabBar,https://github.com/zhongjhATC/NavigationTabBar,2021-04-04T01:27:43+09,2021-04-04T01:46:35+09,1
Zer0DayH4ckz0r/instapy-cli,https://github.com/Zer0DayH4ckz0r/instapy-cli,2021-04-01T22:04:24+09,2021-04-01T22:04:54+09,1
rondeo-balos/webmail-lite,https://github.com/rondeo-balos/webmail-lite,2021-01-05T23:06:36+09,2021-01-07T02:02:52+09,1
evernoteHW/ebook,https://github.com/evernoteHW/ebook,2020-12-20T19:11:32+09,2020-12-22T20:51:45+09,1
samymarboy/wallpaperboard,https://github.com/samymarboy/wallpaperboard,2020-12-18T19:03:02+09,2020-12-20T16:35:38+09,1
liangyihuai/ebook,https://github.com/liangyihuai/ebook,2020-11-10T23:57:01+09,2020-11-11T00:00:20+09,1
Anxdada/c_standard_lib,https://github.com/Anxdada/c_standard_lib,2020-11-06T16:30:17+09,2020-11-06T16:50:55+09,1
hixio-mh/webmail-lite,https://github.com/hixio-mh/webmail-lite,2020-08-24T03:12:42+09,2020-08-24T03:13:00+09,1
arunkarka/native-starter-kit,https://github.com/arunkarka/native-starter-kit,2020-05-15T14:43:57+09,2020-08-21T11:38:46+09,1
frankwang1101/blog,https://github.com/frankwang1101/blog,2017-08-10T09:20:22+09,2020-07-23T15:07:49+09,1
ltalirz/materialscloud-timeline,https://github.com/ltalirz/materialscloud-timeline,2020-05-04T05:18:16+09,2020-05-04T07:54:38+09,1
melooooooo/blog,https://github.com/melooooooo/blog,2018-01-27T17:51:04+09,2020-03-16T20:51:32+09,1
zerorooot/ebook,https://github.com/zerorooot/ebook,2020-03-11T22:38:36+09,2020-03-11T22:51:59+09,1
justacademy/Tutorials,https://github.com/justacademy/Tutorials,2018-07-02T21:26:42+09,2019-11-01T16:51:18+09,1
katsully/instapy-cli,https://github.com/katsully/instapy-cli,2019-09-24T13:00:53+09,2019-09-24T13:05:52+09,1
rangerezekiel/profile,https://github.com/rangerezekiel/profile,2019-03-01T01:37:10+09,2019-09-03T17:17:26+09,1
MGRagab/DrawRouteMaps,https://github.com/MGRagab/DrawRouteMaps,2019-08-02T03:21:16+09,2019-08-02T04:06:23+09,1
stenalpjolly/relay-fullstack,https://github.com/stenalpjolly/relay-fullstack,2019-08-01T12:58:33+09,2019-08-01T13:03:25+09,1
ljyhust/react-antd-admin,https://github.com/ljyhust/react-antd-admin,2019-06-19T14:06:38+09,2019-06-20T00:40:41+09,1
xiewenjing1994/react-antd-admin,https://github.com/xiewenjing1994/react-antd-admin,2019-05-15T23:37:50+09,2019-05-20T22:54:01+09,1
aturner-zengenti/Twitter-Post-Fetcher,https://github.com/aturner-zengenti/Twitter-Post-Fetcher,2019-04-23T20:37:29+09,2019-04-23T20:44:10+09,1
EricYangXD/blog,https://github.com/EricYangXD/blog,2018-03-21T02:16:14+09,2019-04-19T17:55:22+09,1
awesome-product/vip.github.io,https://github.com/awesome-product/vip.github.io,2019-04-13T19:27:11+09,2019-04-13T23:57:49+09,1
WSY0412/blog,https://github.com/WSY0412/blog,2018-03-29T16:26:44+09,2019-03-21T09:16:00+09,1
melvinhgf/csspin,https://github.com/melvinhgf/csspin,2016-12-09T07:18:52+09,2019-03-08T18:55:04+09,1
openium/TKSubmitTransition,https://github.com/openium/TKSubmitTransition,2019-02-14T20:18:21+09,2019-02-15T01:01:50+09,1
7aske/instapy-cli,https://github.com/7aske/instapy-cli,2019-02-11T12:54:08+09,2019-02-11T13:04:53+09,1
LeeDF/ebook,https://github.com/LeeDF/ebook,2018-12-11T22:47:54+09,2018-12-12T20:28:22+09,1
gsbaby/react-antd-admin,https://github.com/gsbaby/react-antd-admin,2018-12-06T19:05:16+09,2018-12-07T18:57:57+09,1
saccogf/jquery-course,https://github.com/saccogf/jquery-course,2018-11-30T08:33:38+09,2018-11-30T10:41:18+09,1
zhangshuaigit123/learning-article,https://github.com/zhangshuaigit123/learning-article,2018-11-20T17:30:56+09,2018-11-20T17:35:37+09,1
perjerz/Twitter-Post-Fetcher,https://github.com/perjerz/Twitter-Post-Fetcher,2018-10-25T00:52:38+09,2018-10-26T00:12:05+09,1
zimy/instapy-cli,https://github.com/zimy/instapy-cli,2018-09-29T06:59:27+09,2018-09-29T07:01:04+09,1
MyLocalCode/react-from-zero,https://github.com/MyLocalCode/react-from-zero,2018-07-01T13:49:57+09,2018-09-18T00:47:11+09,1
petekeller2/native-starter-kit,https://github.com/petekeller2/native-starter-kit,2018-09-12T09:48:53+09,2018-09-12T09:58:43+09,1
sastan/awesome-react-render-props,https://github.com/sastan/awesome-react-render-props,2018-09-07T17:53:00+09,2018-09-07T18:00:02+09,1
reveriadive/Twitter-Post-Fetcher,https://github.com/reveriadive/Twitter-Post-Fetcher,2018-08-04T10:16:48+09,2018-08-04T10:18:41+09,1
kserjey/awesome-react-render-props,https://github.com/kserjey/awesome-react-render-props,2018-07-26T19:42:19+09,2018-07-26T19:47:54+09,1
Josheriff/react-from-zero,https://github.com/Josheriff/react-from-zero,2018-07-10T19:37:36+09,2018-07-10T19:40:05+09,1
matheuscuba/react-from-zero,https://github.com/matheuscuba/react-from-zero,2018-07-04T01:35:08+09,2018-07-04T01:47:07+09,1
BrianODell/react-from-zero,https://github.com/BrianODell/react-from-zero,2018-07-01T10:42:32+09,2018-07-01T10:44:03+09,1
petergombos/awesome-react-render-props,https://github.com/petergombos/awesome-react-render-props,2018-05-04T16:29:14+09,2018-05-04T16:33:54+09,1
tucomel/NavigationTabBar,https://github.com/tucomel/NavigationTabBar,2018-04-27T15:23:06+09,2018-04-27T15:24:35+09,1
zzl81cn/react-antd-admin,https://github.com/zzl81cn/react-antd-admin,2017-08-25T17:08:44+09,2018-04-09T22:55:11+09,1
joemfb/essential-react,https://github.com/joemfb/essential-react,2018-04-06T07:33:16+09,2018-04-06T07:34:49+09,1
yotam180/instapy-cli,https://github.com/yotam180/instapy-cli,2018-04-05T23:29:36+09,2018-04-05T23:35:34+09,1
harry-takhar/Twitter-Post-Fetcher,https://github.com/harry-takhar/Twitter-Post-Fetcher,2018-03-29T23:08:28+09,2018-03-29T23:45:39+09,1
kenwheeler/awesome-react-render-props,https://github.com/kenwheeler/awesome-react-render-props,2018-03-15T22:59:47+09,2018-03-15T23:01:43+09,1
vcarl/awesome-react-render-props,https://github.com/vcarl/awesome-react-render-props,2018-02-08T04:15:10+09,2018-02-08T04:16:31+09,1
YurkaninRyan/awesome-react-render-props,https://github.com/YurkaninRyan/awesome-react-render-props,2018-02-07T04:00:26+09,2018-02-07T04:03:05+09,1
cpbuckingham/micron,https://github.com/cpbuckingham/micron,2018-01-24T02:25:22+09,2018-01-24T02:37:27+09,1
nifengxiao/MarqueeViewLibrary,https://github.com/nifengxiao/MarqueeViewLibrary,2018-01-15T17:51:02+09,2018-01-15T18:27:26+09,1
mesutbeyaztas/wallpaperboard,https://github.com/mesutbeyaztas/wallpaperboard,2017-12-19T15:33:10+09,2017-12-19T18:06:59+09,1
jackoliver/re-base,https://github.com/jackoliver/re-base,2017-12-15T21:32:13+09,2017-12-15T21:34:37+09,1
tatchi/awesome-react-render-props,https://github.com/tatchi/awesome-react-render-props,2017-12-15T01:48:13+09,2017-12-15T01:49:35+09,1
ishaquehassan/DrawRouteMaps,https://github.com/ishaquehassan/DrawRouteMaps,2017-12-10T04:18:06+09,2017-12-10T04:21:54+09,1
midhetfatema94/TKSubmitTransition,https://github.com/midhetfatema94/TKSubmitTransition,2017-12-07T22:01:57+09,2017-12-07T22:06:28+09,1
Fe-Ordan/duo-navigation-drawer,https://github.com/Fe-Ordan/duo-navigation-drawer,2017-09-10T05:34:05+09,2017-11-16T18:05:01+09,1
ndlinh/PullToBounce,https://github.com/ndlinh/PullToBounce,2017-11-07T15:34:58+09,2017-11-07T15:40:53+09,1
farabis4m/TKSubmitTransition,https://github.com/farabis4m/TKSubmitTransition,2017-10-24T15:49:11+09,2017-10-24T15:52:06+09,1
janstrohbeck/native-starter-kit,https://github.com/janstrohbeck/native-starter-kit,2017-10-10T16:39:46+09,2017-10-10T18:18:38+09,1
hechen/PullToBounce,https://github.com/hechen/PullToBounce,2017-10-07T19:12:30+09,2017-10-07T19:18:13+09,1
lololosys/felony,https://github.com/lololosys/felony,2017-10-05T23:28:35+09,2017-10-05T23:32:37+09,1
Fe-Ordan/NavigationTabBar,https://github.com/Fe-Ordan/NavigationTabBar,2017-09-13T18:11:39+09,2017-09-21T18:05:34+09,1
alecperkey/native-starter-kit,https://github.com/alecperkey/native-starter-kit,2017-09-19T05:50:30+09,2017-09-19T08:48:58+09,1
binbin/amazeui-touch,https://github.com/binbin/amazeui-touch,2017-09-11T14:34:54+09,2017-09-11T14:42:52+09,1
almegdad/native-starter-kit,https://github.com/almegdad/native-starter-kit,2017-09-05T15:58:42+09,2017-09-05T16:08:19+09,1
siphr/webmail-lite,https://github.com/siphr/webmail-lite,2017-08-11T05:49:13+09,2017-08-11T06:12:07+09,1
zhongxx/react-antd-admin,https://github.com/zhongxx/react-antd-admin,2017-08-06T18:20:31+09,2017-08-06T23:52:53+09,1
claym/relay-fullstack,https://github.com/claym/relay-fullstack,2017-07-06T07:08:46+09,2017-07-06T08:57:12+09,1
kurtmarcink/native-starter-kit,https://github.com/kurtmarcink/native-starter-kit,2017-06-25T13:27:14+09,2017-06-25T13:33:40+09,1
ywzhaiqi/react-antd-admin,https://github.com/ywzhaiqi/react-antd-admin,2017-06-23T10:29:00+09,2017-06-23T10:48:20+09,1
durkode/react-from-zero,https://github.com/durkode/react-from-zero,2017-06-11T14:46:41+09,2017-06-11T14:49:41+09,1
jadmin/react-antd-admin,https://github.com/jadmin/react-antd-admin,2017-06-05T19:00:05+09,2017-06-08T10:20:58+09,1
shengxinjing/react-lite,https://github.com/shengxinjing/react-lite,2017-05-23T13:47:42+09,2017-05-23T19:44:31+09,1
karan9/wallpaperboard,https://github.com/karan9/wallpaperboard,2017-05-04T04:14:54+09,2017-05-04T04:16:15+09,1
daveyannihilation/wallpaperboard,https://github.com/daveyannihilation/wallpaperboard,2017-04-29T07:46:56+09,2017-04-29T10:07:09+09,1
gregcoding/blog,https://github.com/gregcoding/blog,2017-04-12T11:05:31+09,2017-04-28T11:27:24+09,1
steel89ita/wallpaperboard,https://github.com/steel89ita/wallpaperboard,2017-04-25T03:19:30+09,2017-04-25T03:33:54+09,1
LeonardoZ/essential-react,https://github.com/LeonardoZ/essential-react,2017-04-22T05:31:46+09,2017-04-22T06:37:19+09,1
johnlindquist/re-base,https://github.com/johnlindquist/re-base,2017-04-14T06:34:59+09,2017-04-14T07:11:13+09,1
cobra1470/blog,https://github.com/cobra1470/blog,2017-04-10T09:21:28+09,2017-04-10T09:25:05+09,1
sf-wdi-37/building-js-iterators-lab,https://github.com/sf-wdi-37/building-js-iterators-lab,2017-04-03T13:40:41+09,2017-04-03T13:41:26+09,1
BlakeBrown/relay-fullstack,https://github.com/BlakeBrown/relay-fullstack,2017-03-24T19:26:07+09,2017-03-24T19:27:15+09,1
mrkev/essential-react,https://github.com/mrkev/essential-react,2017-03-05T07:43:47+09,2017-03-05T08:17:56+09,1
Alex-Sokolov/react-book,https://github.com/Alex-Sokolov/react-book,2017-03-02T05:56:11+09,2017-03-02T05:58:45+09,1
milkers/native-starter-kit,https://github.com/milkers/native-starter-kit,2017-02-27T18:20:52+09,2017-02-27T18:28:11+09,1
krunalm/essential-react,https://github.com/krunalm/essential-react,2017-02-08T23:13:53+09,2017-02-15T20:01:17+09,1
crazy4groovy/Is-Now-Illegal,https://github.com/crazy4groovy/Is-Now-Illegal,2017-02-11T03:42:47+09,2017-02-11T04:24:12+09,1
msn0/Is-Now-Illegal,https://github.com/msn0/Is-Now-Illegal,2017-02-04T05:13:40+09,2017-02-04T05:17:02+09,1
jesster2k10/TKSubmitTransition-Swift3,https://github.com/jesster2k10/TKSubmitTransition-Swift3,2017-02-01T03:10:04+09,2017-02-01T03:32:24+09,1
gruessung/SwipeableCard,https://github.com/gruessung/SwipeableCard,2016-12-20T19:00:33+09,2016-12-20T19:02:53+09,1
bgates/re-base,https://github.com/bgates/re-base,2016-11-16T05:14:49+09,2016-11-16T05:21:20+09,1
alexicum/native-starter-kit,https://github.com/alexicum/native-starter-kit,2016-11-11T08:17:43+09,2016-11-12T00:22:51+09,1
crucialfelix/relay-fullstack,https://github.com/crucialfelix/relay-fullstack,2016-10-30T19:52:33+09,2016-11-01T17:46:10+09,1
genecyber/nuGpg,https://github.com/genecyber/nuGpg,2016-10-25T13:28:46+09,2016-10-25T13:37:19+09,1
creeperyang/react-lite,https://github.com/creeperyang/react-lite,2016-10-19T18:58:12+09,2016-10-19T20:16:40+09,1
arnif/relay-fullstack,https://github.com/arnif/relay-fullstack,2016-10-13T08:28:09+09,2016-10-13T08:30:22+09,1
hawkin29/login-flow,https://github.com/hawkin29/login-flow,2016-09-28T08:29:58+09,2016-09-28T08:33:40+09,1
WinnieXi/NavigationTabBar,https://github.com/WinnieXi/NavigationTabBar,2016-09-27T16:17:25+09,2016-09-27T16:18:53+09,1
Proxiweb/native-starter-kit,https://github.com/Proxiweb/native-starter-kit,2016-09-08T14:34:16+09,2016-09-08T17:16:00+09,1
ahauser31/Twitter-Post-Fetcher,https://github.com/ahauser31/Twitter-Post-Fetcher,2016-09-07T14:01:15+09,2016-09-07T14:08:04+09,1
jvitor/TKSubmitTransition,https://github.com/jvitor/TKSubmitTransition,2016-09-06T22:41:18+09,2016-09-06T22:53:14+09,1
ZhengxianLan/react-starter-kit,https://github.com/ZhengxianLan/react-starter-kit,2016-08-30T09:44:44+09,2016-08-30T09:51:43+09,1
CoalaWeb/Twitter-Post-Fetcher,https://github.com/CoalaWeb/Twitter-Post-Fetcher,2016-08-06T02:56:42+09,2016-08-06T04:02:15+09,1
franzherzog/essential-react,https://github.com/franzherzog/essential-react,2016-07-10T18:37:17+09,2016-07-11T21:05:42+09,1
sowbug/felony,https://github.com/sowbug/felony,2016-07-05T01:07:53+09,2016-07-05T01:08:38+09,1
fantix/essential-react,https://github.com/fantix/essential-react,2016-06-04T16:21:18+09,2016-06-04T16:58:28+09,1
beyondeye/NavigationTabBar,https://github.com/beyondeye/NavigationTabBar,2016-06-02T14:11:56+09,2016-06-02T18:59:27+09,1
poseidon1214/floyd,https://github.com/poseidon1214/floyd,2016-05-29T22:49:32+09,2016-05-30T11:47:28+09,1
sizov/essential-react,https://github.com/sizov/essential-react,2016-05-14T08:17:45+09,2016-05-15T08:19:03+09,1
wjn161/amazeui-touch,https://github.com/wjn161/amazeui-touch,2016-04-15T14:19:34+09,2016-04-15T14:23:00+09,1
jg123/relay-fullstack,https://github.com/jg123/relay-fullstack,2016-04-07T00:20:06+09,2016-04-07T00:34:45+09,1
weilsonwonder/TKSubmitTransition,https://github.com/weilsonwonder/TKSubmitTransition,2016-04-06T17:42:47+09,2016-04-06T17:44:36+09,1
bogdanbiv/relay-fullstack,https://github.com/bogdanbiv/relay-fullstack,2016-03-31T04:11:58+09,2016-04-01T05:24:23+09,1
apascual/JVFloatingDrawer,https://github.com/apascual/JVFloatingDrawer,2016-03-31T18:34:59+09,2016-03-31T18:37:16+09,1
leonmoonen/Twitter-Post-Fetcher,https://github.com/leonmoonen/Twitter-Post-Fetcher,2015-08-11T19:00:40+09,2016-03-29T21:16:00+09,1
pconerly/react-lite,https://github.com/pconerly/react-lite,2016-03-26T06:31:50+09,2016-03-26T06:35:00+09,1
DavidWells/login-flow,https://github.com/DavidWells/login-flow,2016-03-24T12:23:09+09,2016-03-24T12:24:59+09,1
dlavlinskyi/TKSubmitTransition,https://github.com/dlavlinskyi/TKSubmitTransition,2016-03-21T23:15:22+09,2016-03-21T23:20:52+09,1
oahcnap/TKSubmitTransition,https://github.com/oahcnap/TKSubmitTransition,2016-03-18T00:52:44+09,2016-03-18T00:57:12+09,1
foffer/re-base,https://github.com/foffer/re-base,2016-03-16T03:18:14+09,2016-03-16T03:39:00+09,1
dswaby/re-base,https://github.com/dswaby/re-base,2016-03-15T04:31:05+09,2016-03-15T04:32:45+09,1
pugnascotia/webpack_react,https://github.com/pugnascotia/webpack_react,2016-03-08T05:24:42+09,2016-03-08T05:26:59+09,1
alexshepard/webpack_react,https://github.com/alexshepard/webpack_react,2016-02-20T09:21:35+09,2016-02-20T09:25:27+09,1
sethroot/TKSubmitTransition,https://github.com/sethroot/TKSubmitTransition,2016-02-08T00:53:11+09,2016-02-08T03:02:45+09,1
Dylanb-dev/essential-react,https://github.com/Dylanb-dev/essential-react,2016-01-28T18:59:34+09,2016-01-29T01:57:28+09,1
yesmeck/react-lite,https://github.com/yesmeck/react-lite,2016-01-03T06:00:08+09,2016-01-03T06:01:12+09,1
bdougie/re-base,https://github.com/bdougie/re-base,2015-12-20T18:12:52+09,2015-12-20T18:13:59+09,1
mitchoneill/webpack_react,https://github.com/mitchoneill/webpack_react,2015-12-12T17:54:47+09,2015-12-12T17:57:27+09,1
reflog/re-base,https://github.com/reflog/re-base,2015-12-10T19:27:25+09,2015-12-10T19:29:21+09,1
davedx/essential-react,https://github.com/davedx/essential-react,2015-11-19T21:18:22+09,2015-11-19T21:18:55+09,1
hhjcz/essential-react,https://github.com/hhjcz/essential-react,2015-11-06T17:55:59+09,2015-11-06T18:01:43+09,1
funnything/PullToBounce,https://github.com/funnything/PullToBounce,2015-11-03T20:42:45+09,2015-11-03T20:43:28+09,1
subvisual/essential-react,https://github.com/subvisual/essential-react,2015-10-21T04:43:03+09,2015-10-21T18:42:39+09,1
golmansax/re-base,https://github.com/golmansax/re-base,2015-10-21T14:09:15+09,2015-10-21T15:02:01+09,1
emcpadden/webpack_react,https://github.com/emcpadden/webpack_react,2015-10-11T22:19:14+09,2015-10-11T22:27:55+09,1
n8stowell82/TKSubmitTransition,https://github.com/n8stowell82/TKSubmitTransition,2015-09-15T12:24:27+09,2015-09-15T12:26:24+09,1
FiveBox/JVFloatingDrawer,https://github.com/FiveBox/JVFloatingDrawer,2015-09-10T15:48:15+09,2015-09-10T16:03:21+09,1
silpion/JVFloatingDrawer,https://github.com/silpion/JVFloatingDrawer,2015-09-05T00:55:21+09,2015-09-05T00:57:58+09,1
nahitheper/TKSubmitTransition,https://github.com/nahitheper/TKSubmitTransition,2015-09-03T23:09:51+09,2015-09-03T23:18:54+09,1
montogeek/webpack_react,https://github.com/montogeek/webpack_react,2015-08-28T08:08:04+09,2015-09-01T09:11:16+09,1
jugend/webpack_react,https://github.com/jugend/webpack_react,2015-07-21T07:17:22+09,2015-07-21T07:21:31+09,1
olegchir/webpack_react,https://github.com/olegchir/webpack_react,2015-07-11T16:06:17+09,2015-07-11T16:22:22+09,1
dbunskoek/webpack_react,https://github.com/dbunskoek/webpack_react,2015-06-28T20:58:50+09,2015-06-28T22:02:46+09,1
gilesbradshaw/webpack_react,https://github.com/gilesbradshaw/webpack_react,2015-05-24T22:56:14+09,2015-05-24T23:00:49+09,1
piotrrojek/webpack_react,https://github.com/piotrrojek/webpack_react,2015-05-23T08:38:50+09,2015-05-23T08:40:57+09,1
mausvargas/JVFloatingDrawer,https://github.com/mausvargas/JVFloatingDrawer,2015-05-02T01:13:23+09,2015-05-02T01:35:54+09,1
annoyingmouse/timesheet.js,https://github.com/annoyingmouse/timesheet.js,2015-03-03T23:54:38+09,2015-03-03T23:57:35+09,1
maximebodereau/StageGate,https://github.com/maximebodereau/StageGate,2015-03-03T23:42:24+09,2015-03-03T23:44:46+09,1
aweary/timesheet.js,https://github.com/aweary/timesheet.js,2015-03-02T02:37:14+09,2015-03-02T02:55:05+09,1
jfbcb/webmail-lite,https://github.com/jfbcb/webmail-lite,2014-10-10T17:27:52+09,2014-10-22T15:51:19+09,1
pefavre/Twitter-Post-Fetcher,https://github.com/pefavre/Twitter-Post-Fetcher,2014-08-20T02:47:12+09,2014-08-20T02:50:24+09,1
herman-rogers/3ree,https://github.com/herman-rogers/3ree,2015-10-09T16:42:50+09,2015-10-19T04:51:30+09,1
loremipson/3ree,https://github.com/loremipson/3ree,2015-11-11T01:35:00+09,2015-11-11T01:40:22+09,1
bencallis1/3ree,https://github.com/bencallis1/3ree,2015-12-27T02:48:18+09,2015-12-27T05:12:47+09,1
Andre-Gl/3ree,https://github.com/Andre-Gl/3ree,2016-03-10T08:56:07+09,2016-03-10T13:55:49+09,1
agharsallah/3ree,https://github.com/agharsallah/3ree,2016-05-30T09:36:18+09,2016-05-30T09:58:28+09,1
vwong/3ree,https://github.com/vwong/3ree,2016-08-19T08:04:28+09,2016-08-19T08:21:47+09,1
