nameWithOwner,url,createdAt,committedDate,commitCountAfterFork
talta/react-hot-cold-1,https://github.com/talta/react-hot-cold-1,2017-03-29T18:46:26Z,2017-02-28T17:54:12Z,0
jpdevries/react-hot-cold,https://github.com/jpdevries/react-hot-cold,2017-04-03T05:52:48Z,2017-02-28T17:54:12Z,0
raysmithdev/react-hot-cold,https://github.com/raysmithdev/react-hot-cold,2017-04-06T19:13:42Z,2017-04-03T10:07:36Z,0
cfv7/react-hot-cold,https://github.com/cfv7/react-hot-cold,2017-04-07T15:12:34Z,2017-04-11T21:03:40Z,7
Reyesjunk/react-hot-cold,https://github.com/Reyesjunk/react-hot-cold,2017-04-07T18:03:22Z,2017-04-03T10:07:36Z,0
amyhagelin/react-hot-cold,https://github.com/amyhagelin/react-hot-cold,2017-04-28T05:05:38Z,2017-05-05T05:02:20Z,1
teemak/react-hot-cold,https://github.com/teemak/react-hot-cold,2017-05-19T14:48:49Z,2017-05-22T22:39:33Z,4
camillecondrey/react-hot-cold,https://github.com/camillecondrey/react-hot-cold,2017-05-22T23:50:57Z,2017-05-23T01:07:42Z,3
scylol/react-hot-cold,https://github.com/scylol/react-hot-cold,2017-05-23T16:43:06Z,2017-05-23T20:57:54Z,2
dxtrlws/react-hot-cold,https://github.com/dxtrlws/react-hot-cold,2017-05-27T14:21:27Z,2017-05-08T15:35:00Z,0
atugman/react-hot-cold,https://github.com/atugman/react-hot-cold,2017-06-12T17:34:25Z,2017-05-30T09:34:50Z,0
martinseanhunt/react-hot-cold,https://github.com/martinseanhunt/react-hot-cold,2017-06-13T17:50:03Z,2017-06-14T14:39:18Z,3
leovolving/react-hot-cold,https://github.com/leovolving/react-hot-cold,2017-06-16T22:28:00Z,2017-06-17T03:09:46Z,1
M-Iyvonne/react-hot-cold,https://github.com/M-Iyvonne/react-hot-cold,2017-06-18T14:25:10Z,2017-05-30T09:34:50Z,0
Kendallyn/react-hot-cold-1,https://github.com/Kendallyn/react-hot-cold-1,2017-06-19T18:15:39Z,2017-06-22T21:05:09Z,7
kyolf/react-hot-cold-Jamie-Kyle,https://github.com/kyolf/react-hot-cold-Jamie-Kyle,2017-06-23T14:03:51Z,2017-06-23T20:11:51Z,11
thinkful-c11/kyler-sonja-react-HC-test,https://github.com/thinkful-c11/kyler-sonja-react-HC-test,2017-06-23T15:27:28Z,2017-06-23T22:15:13Z,4
Rosuav/react-hot-cold,https://github.com/Rosuav/react-hot-cold,2017-06-23T20:11:00Z,2017-05-30T09:34:50Z,0
EnshaednHiker/react-hot-cold,https://github.com/EnshaednHiker/react-hot-cold,2017-06-24T17:56:13Z,2017-05-30T09:34:50Z,0
fitzykins/react-hot-cold,https://github.com/fitzykins/react-hot-cold,2017-06-26T16:40:39Z,2017-06-27T22:30:57Z,5
jasonlaning/react-hot-cold,https://github.com/jasonlaning/react-hot-cold,2017-06-26T17:26:58Z,2017-06-26T19:33:10Z,4
patricewhite/react-hot-cold,https://github.com/patricewhite/react-hot-cold,2017-06-26T17:55:32Z,2017-06-26T20:36:13Z,2
bradleymarch/react-hot-cold,https://github.com/bradleymarch/react-hot-cold,2017-07-06T20:57:45Z,2017-06-26T10:26:00Z,0
SMuyesser/react-hot-cold,https://github.com/SMuyesser/react-hot-cold,2017-07-08T21:31:57Z,2017-07-13T02:05:32Z,3
zwillerzoog/react-hot-cold-testing-day5,https://github.com/zwillerzoog/react-hot-cold-testing-day5,2017-07-28T15:01:51Z,2017-08-01T21:30:38Z,2
eharris128/react-hot-cold,https://github.com/eharris128/react-hot-cold,2017-07-28T15:22:43Z,2017-08-01T20:30:55Z,22
52lions06/react-hot-cold,https://github.com/52lions06/react-hot-cold,2017-07-28T15:26:19Z,2017-07-28T19:21:41Z,4
lewi-g/react-hot-cold,https://github.com/lewi-g/react-hot-cold,2017-08-01T18:09:52Z,2017-06-26T10:26:00Z,0
melavanya/react-hot-cold,https://github.com/melavanya/react-hot-cold,2017-08-02T03:14:09Z,2017-08-22T02:24:43Z,3
meron-yemane/react-hot-cold,https://github.com/meron-yemane/react-hot-cold,2017-08-06T20:05:39Z,2017-08-17T21:11:01Z,2
johnthree16/react-hot-cold,https://github.com/johnthree16/react-hot-cold,2017-08-07T23:13:12Z,2017-06-26T10:26:00Z,0
Lamburger/react-hot-cold,https://github.com/Lamburger/react-hot-cold,2017-08-09T22:46:57Z,2017-06-26T10:26:00Z,0
Marjona6/react-hot-cold,https://github.com/Marjona6/react-hot-cold,2017-08-11T13:58:58Z,2017-08-17T08:00:42Z,3
mattpeebles/react-hot-cold,https://github.com/mattpeebles/react-hot-cold,2017-08-12T20:07:56Z,2017-08-13T18:44:21Z,1
rohinieravi/react-hot-cold,https://github.com/rohinieravi/react-hot-cold,2017-08-14T19:41:46Z,2017-08-22T21:01:40Z,4
sretundijr/react-hot-cold,https://github.com/sretundijr/react-hot-cold,2017-08-27T05:52:05Z,2017-09-03T06:04:44Z,4
aaronleebrooks/react-hot-cold,https://github.com/aaronleebrooks/react-hot-cold,2017-08-27T16:00:16Z,2017-08-30T03:16:38Z,1
jamicope/react-hot-cold,https://github.com/jamicope/react-hot-cold,2017-08-31T19:44:53Z,2017-09-04T23:51:14Z,1
SirRobZ/react-hot-cold,https://github.com/SirRobZ/react-hot-cold,2017-09-12T15:42:43Z,2017-09-12T19:14:56Z,2
HurricanePete/react-hot-cold,https://github.com/HurricanePete/react-hot-cold,2017-09-25T20:26:20Z,2017-09-27T19:11:10Z,5
stevengalvis/react-hot-cold,https://github.com/stevengalvis/react-hot-cold,2017-09-30T20:46:31Z,2017-10-01T00:31:30Z,5
michaelablackham/react-hot-cold,https://github.com/michaelablackham/react-hot-cold,2017-10-04T18:49:36Z,2017-10-08T02:47:04Z,8
LeCatalyser/react-hot-cold,https://github.com/LeCatalyser/react-hot-cold,2017-10-05T00:25:48Z,2017-10-18T03:37:33Z,3
matthewlee07/react-hot-cold,https://github.com/matthewlee07/react-hot-cold,2017-10-06T14:42:22Z,2017-06-26T10:26:00Z,0
imagineLife/react-hot-cold,https://github.com/imagineLife/react-hot-cold,2017-10-08T11:31:46Z,2017-10-13T18:14:59Z,11
giri68/react-hot-cold,https://github.com/giri68/react-hot-cold,2017-10-10T17:56:42Z,2017-06-26T10:26:00Z,0
BurntNerve/react-hot-cold,https://github.com/BurntNerve/react-hot-cold,2017-10-23T16:20:25Z,2017-10-29T19:13:44Z,2
DarcyDeAngeloWoolsey/react-hot-cold,https://github.com/DarcyDeAngeloWoolsey/react-hot-cold,2017-10-26T16:54:33Z,2017-11-27T17:23:31Z,4
jessicaann/react-hot-cold2,https://github.com/jessicaann/react-hot-cold2,2017-11-01T15:11:28Z,2017-11-03T14:47:22Z,5
inconbeo/react-hot-cold,https://github.com/inconbeo/react-hot-cold,2017-11-06T22:35:13Z,2017-11-09T23:27:55Z,1
jhnnyk/react-hot-cold,https://github.com/jhnnyk/react-hot-cold,2017-11-07T17:43:34Z,2017-11-10T19:11:56Z,6
tonybrancato/react-hot-cold,https://github.com/tonybrancato/react-hot-cold,2017-11-11T18:31:03Z,2017-11-11T22:49:02Z,1
nateusmc/react-hot-cold,https://github.com/nateusmc/react-hot-cold,2017-11-13T19:36:25Z,2017-11-14T22:10:48Z,14
amandaherschleb/react-hot-cold,https://github.com/amandaherschleb/react-hot-cold,2017-11-23T19:45:00Z,2017-11-22T18:51:31Z,0
jadams1978/react-hot-cold,https://github.com/jadams1978/react-hot-cold,2017-11-26T21:09:52Z,2017-11-27T02:46:12Z,2
camerondodd/react-hot-cold,https://github.com/camerondodd/react-hot-cold,2017-11-27T14:19:39Z,2017-11-27T20:14:11Z,4
kevinlnichols/react-hot-cold,https://github.com/kevinlnichols/react-hot-cold,2017-12-01T18:04:23Z,2017-12-13T01:38:02Z,4
lpotrue/react-hot-cold,https://github.com/lpotrue/react-hot-cold,2017-12-06T04:28:45Z,2017-11-28T13:32:06Z,0
pheiselmann/react-hot-cold,https://github.com/pheiselmann/react-hot-cold,2017-12-08T02:49:09Z,2017-12-08T07:23:07Z,23
marquesRepo/react-hot-cold,https://github.com/marquesRepo/react-hot-cold,2017-12-12T00:07:28Z,2017-12-24T03:33:00Z,1
alimac2/react-hot-cold,https://github.com/alimac2/react-hot-cold,2017-12-12T00:27:08Z,2018-01-06T23:54:50Z,49
chang-steven/react-hot-cold-1,https://github.com/chang-steven/react-hot-cold-1,2017-12-20T20:08:31Z,2017-12-20T23:26:39Z,1
Daniel-Slabaugh/react-hot-cold,https://github.com/Daniel-Slabaugh/react-hot-cold,2017-12-23T00:49:20Z,2017-12-23T03:21:33Z,2
kim-josh/react-hot-cold,https://github.com/kim-josh/react-hot-cold,2017-12-26T23:14:18Z,2017-12-28T04:56:55Z,1
kelseybutler9/react-hot-cold,https://github.com/kelseybutler9/react-hot-cold,2017-12-27T15:20:13Z,2018-01-07T21:06:03Z,4
BlueLB84/react-hot-cold-redux,https://github.com/BlueLB84/react-hot-cold-redux,2018-01-05T22:50:10Z,2018-01-06T01:42:48Z,2
mosef/react-hot-cold,https://github.com/mosef/react-hot-cold,2018-01-14T20:16:38Z,2018-01-14T21:58:36Z,1
nbradf2/react-hot-cold,https://github.com/nbradf2/react-hot-cold,2018-01-14T22:37:58Z,2018-01-20T01:03:10Z,19
djiani/react-hot-cold,https://github.com/djiani/react-hot-cold,2018-01-16T20:53:17Z,2018-01-18T16:07:20Z,3
KatelinDeSerano/react-redux-hot-cold,https://github.com/KatelinDeSerano/react-redux-hot-cold,2018-01-23T18:15:01Z,2018-01-25T23:39:42Z,11
katiewest820/react-hot-cold,https://github.com/katiewest820/react-hot-cold,2018-01-23T23:37:45Z,2018-01-24T18:32:02Z,2
csierra15/testing-react-hot-cold,https://github.com/csierra15/testing-react-hot-cold,2018-02-07T19:06:48Z,2018-02-07T20:39:27Z,3
imhighyat/react-redux-hot-cold,https://github.com/imhighyat/react-redux-hot-cold,2018-02-21T07:16:55Z,2018-02-21T10:11:08Z,1
rk-codes/react-hot-cold-redux,https://github.com/rk-codes/react-hot-cold-redux,2018-02-23T02:11:36Z,2018-02-24T06:29:22Z,3
MollyJeanB/react-hot-cold,https://github.com/MollyJeanB/react-hot-cold,2018-03-08T01:38:46Z,2018-03-13T22:13:29Z,3
SeanCodyDev/react-hot-cold,https://github.com/SeanCodyDev/react-hot-cold,2018-03-10T17:25:52Z,2017-11-28T13:32:06Z,0
bgerardi20/react-hot-cold,https://github.com/bgerardi20/react-hot-cold,2018-03-13T00:15:38Z,2018-03-15T00:02:27Z,1
jeffbernst/react-hot-cold-1,https://github.com/jeffbernst/react-hot-cold-1,2018-03-13T21:29:41Z,2018-03-14T15:44:09Z,2
jpquense/react-hot-cold,https://github.com/jpquense/react-hot-cold,2018-04-16T19:40:09Z,2018-04-18T20:24:09Z,2
tstirtz/react-hot-cold,https://github.com/tstirtz/react-hot-cold,2018-04-17T22:08:58Z,2018-04-18T06:30:25Z,12
tgray6/react-hot-cold,https://github.com/tgray6/react-hot-cold,2018-04-24T15:19:28Z,2017-11-28T13:32:06Z,0
wjypark94/react-hot-cold-testing,https://github.com/wjypark94/react-hot-cold-testing,2018-04-27T02:38:58Z,2018-04-27T03:23:23Z,1
jorgerodriguez434/react-hot-cold,https://github.com/jorgerodriguez434/react-hot-cold,2018-05-07T22:22:34Z,2018-05-11T15:08:49Z,1
maddiereddy/react-hot-cold,https://github.com/maddiereddy/react-hot-cold,2018-05-11T17:06:45Z,2018-05-12T19:47:20Z,2
kimkearney/react-hot-cold,https://github.com/kimkearney/react-hot-cold,2018-05-14T13:48:25Z,2018-01-29T23:24:39Z,0
kpthanh01/react-hot-cold,https://github.com/kpthanh01/react-hot-cold,2018-05-30T03:16:45Z,2017-11-28T13:32:06Z,0
jgmil/react-redux-hot-cold,https://github.com/jgmil/react-redux-hot-cold,2018-05-31T23:54:29Z,2018-06-22T19:23:39Z,3
shwetakoti/react-hot-cold,https://github.com/shwetakoti/react-hot-cold,2018-06-09T20:34:45Z,2018-06-12T14:36:26Z,1
KatiLong/react-hot-cold,https://github.com/KatiLong/react-hot-cold,2018-06-13T04:48:23Z,2018-06-21T22:21:50Z,4
LeoYuanjieLi/react-hot-cold,https://github.com/LeoYuanjieLi/react-hot-cold,2018-06-15T05:13:43Z,2018-06-20T02:51:42Z,1
rachelekm/react-hot-cold,https://github.com/rachelekm/react-hot-cold,2018-06-18T23:31:43Z,2018-06-21T17:51:42Z,6
imussg/react-hot-cold-1,https://github.com/imussg/react-hot-cold-1,2018-06-22T17:36:35Z,2017-11-28T13:32:06Z,0
chagoy/react-hot-cold,https://github.com/chagoy/react-hot-cold,2018-06-25T19:02:32Z,2017-11-28T13:32:06Z,0
sobhit000/react-hot-cold,https://github.com/sobhit000/react-hot-cold,2018-07-19T19:28:55Z,2017-11-28T13:32:06Z,0
Bri997/react-hot-cold,https://github.com/Bri997/react-hot-cold,2018-07-26T01:27:25Z,2018-08-28T04:12:43Z,3
rrcheatham/react-hot-cold-1,https://github.com/rrcheatham/react-hot-cold-1,2018-07-27T11:24:14Z,2018-07-28T11:06:14Z,4
FranciaMoran/react-hot-cold,https://github.com/FranciaMoran/react-hot-cold,2018-08-16T14:21:00Z,2018-08-09T11:02:44Z,0
MatthewEubanks/react-hot-cold,https://github.com/MatthewEubanks/react-hot-cold,2018-09-05T23:36:25Z,2018-08-09T11:02:44Z,0
andyly25/react-hot-cold,https://github.com/andyly25/react-hot-cold,2018-09-13T21:22:04Z,2018-09-15T09:21:17Z,5
jkathan/react-hot-cold,https://github.com/jkathan/react-hot-cold,2018-09-17T19:07:04Z,2018-08-09T11:02:44Z,0
spoofBlue/react-hot-cold,https://github.com/spoofBlue/react-hot-cold,2018-09-23T18:49:01Z,2018-08-09T11:02:44Z,0
rabbitsch/react-hot-cold,https://github.com/rabbitsch/react-hot-cold,2018-09-24T17:11:45Z,2018-08-09T11:02:44Z,0
WhiteheadAaron/react-hot-cold,https://github.com/WhiteheadAaron/react-hot-cold,2018-10-04T15:15:59Z,2018-08-09T11:02:44Z,0
ukhlivanov/react-hot-cold,https://github.com/ukhlivanov/react-hot-cold,2018-10-17T02:49:06Z,2018-08-09T11:02:44Z,0
ElenaG518/react-hot-cold,https://github.com/ElenaG518/react-hot-cold,2018-10-21T22:37:38Z,2018-10-29T00:56:55Z,6
robbylewis7/react-hot-cold,https://github.com/robbylewis7/react-hot-cold,2018-10-23T17:07:13Z,2018-08-09T11:02:44Z,0
sbeyerjr/react-hot-cold,https://github.com/sbeyerjr/react-hot-cold,2018-10-27T17:07:25Z,2018-10-27T22:10:36Z,1
ender554/react-hot-cold,https://github.com/ender554/react-hot-cold,2018-11-08T18:15:57Z,2018-08-09T11:02:44Z,0
lakerfan1994/react-hot-cold,https://github.com/lakerfan1994/react-hot-cold,2018-11-17T21:38:53Z,2018-11-20T14:03:55Z,6
WHATommy/react-hot-cold,https://github.com/WHATommy/react-hot-cold,2018-11-30T22:34:02Z,2018-08-09T11:02:44Z,0
ZaBAOW/react-hot-cold-react-redux,https://github.com/ZaBAOW/react-hot-cold-react-redux,2018-12-13T02:21:15Z,2018-12-20T07:58:35Z,4
mattCoppola/react-hot-cold,https://github.com/mattCoppola/react-hot-cold,2018-12-14T02:07:45Z,2018-12-15T15:16:17Z,12
calorab/react-hot-cold,https://github.com/calorab/react-hot-cold,2018-12-17T15:23:53Z,2018-08-09T11:02:44Z,0
thy-neighbor/react-hot-cold,https://github.com/thy-neighbor/react-hot-cold,2019-01-02T20:39:07Z,2019-01-02T22:52:24Z,2
tudorilisoi/redux-hot-cold,https://github.com/tudorilisoi/redux-hot-cold,2019-01-24T17:30:13Z,2019-01-24T17:26:45Z,0
DeliaCodes/react-hot-cold,https://github.com/DeliaCodes/react-hot-cold,2019-01-28T05:34:00Z,2019-02-05T19:08:35Z,22
anthonyphoto/react-hot-cold-solution,https://github.com/anthonyphoto/react-hot-cold-solution,2019-02-20T03:57:43Z,2019-02-26T20:28:31Z,4
namninja/react-hot-cold,https://github.com/namninja/react-hot-cold,2019-04-06T21:44:55Z,2019-04-06T23:03:20Z,4
sam-parkinson/react-hot-cold,https://github.com/sam-parkinson/react-hot-cold,2019-05-17T15:28:29Z,2019-02-20T19:19:53Z,0
jonathancote84/react-hot-cold,https://github.com/jonathancote84/react-hot-cold,2019-05-25T21:29:24Z,2019-02-20T19:19:53Z,0
